department,date,value
ANTIOQUIA,12/31/2017,0
ARAUCA,12/31/2017,0
ATLANTICO,12/31/2017,1
BOGOTA,12/31/2017,1
BOLIVAR,12/31/2017,1
BOYACA,12/31/2017,0
CALDAS,12/31/2017,0
CAQUETA,12/31/2017,1
CASANARE,12/31/2017,0
CAUCA,12/31/2017,1
CESAR,12/31/2017,0
CHOCO,12/31/2017,0
CORDOBA,12/31/2017,1
CUNDINAMARCA,12/31/2017,1
EXTERIOR,12/31/2017,0
GUAINIA,12/31/2017,0
HUILA,12/31/2017,0
LA GUAJIRA,12/31/2017,0
MAGDALENA,12/31/2017,0
META,12/31/2017,0
NARIÑO,12/31/2017,1
NORTE SANTANDER,12/31/2017,1
PUTUMAYO,12/31/2017,0
QUINDIO,12/31/2017,0
RISARALDA,12/31/2017,0
SANTANDER,12/31/2017,1
SUCRE,12/31/2017,0
TOLIMA,12/31/2017,0
VALLE DEL CAUCA,12/31/2017,0
VAUPES,12/31/2017,0
VICHADA,12/31/2017,0
ANTIOQUIA,1/7/2018,2
ARAUCA,1/7/2018,0
ATLANTICO,1/7/2018,0
BOGOTA,1/7/2018,1
BOLIVAR,1/7/2018,0
BOYACA,1/7/2018,0
CALDAS,1/7/2018,0
CAQUETA,1/7/2018,0
CASANARE,1/7/2018,0
CAUCA,1/7/2018,0
CESAR,1/7/2018,0
CHOCO,1/7/2018,0
CORDOBA,1/7/2018,1
CUNDINAMARCA,1/7/2018,2
EXTERIOR,1/7/2018,0
GUAINIA,1/7/2018,0
HUILA,1/7/2018,0
LA GUAJIRA,1/7/2018,1
MAGDALENA,1/7/2018,0
META,1/7/2018,0
NARIÑO,1/7/2018,1
NORTE SANTANDER,1/7/2018,0
PUTUMAYO,1/7/2018,0
QUINDIO,1/7/2018,1
RISARALDA,1/7/2018,0
SANTANDER,1/7/2018,1
SUCRE,1/7/2018,0
TOLIMA,1/7/2018,0
VALLE DEL CAUCA,1/7/2018,2
VAUPES,1/7/2018,0
VICHADA,1/7/2018,0
ANTIOQUIA,1/14/2018,0
ARAUCA,1/14/2018,0
ATLANTICO,1/14/2018,0
BOGOTA,1/14/2018,1
BOLIVAR,1/14/2018,2
BOYACA,1/14/2018,0
CALDAS,1/14/2018,0
CAQUETA,1/14/2018,0
CASANARE,1/14/2018,0
CAUCA,1/14/2018,1
CESAR,1/14/2018,2
CHOCO,1/14/2018,0
CORDOBA,1/14/2018,0
CUNDINAMARCA,1/14/2018,0
EXTERIOR,1/14/2018,0
GUAINIA,1/14/2018,0
HUILA,1/14/2018,0
LA GUAJIRA,1/14/2018,1
MAGDALENA,1/14/2018,1
META,1/14/2018,1
NARIÑO,1/14/2018,1
NORTE SANTANDER,1/14/2018,0
PUTUMAYO,1/14/2018,0
QUINDIO,1/14/2018,0
RISARALDA,1/14/2018,1
SANTANDER,1/14/2018,0
SUCRE,1/14/2018,1
TOLIMA,1/14/2018,0
VALLE DEL CAUCA,1/14/2018,0
VAUPES,1/14/2018,0
VICHADA,1/14/2018,0
ANTIOQUIA,1/21/2018,1
ARAUCA,1/21/2018,0
ATLANTICO,1/21/2018,0
BOGOTA,1/21/2018,1
BOLIVAR,1/21/2018,0
BOYACA,1/21/2018,0
CALDAS,1/21/2018,0
CAQUETA,1/21/2018,0
CASANARE,1/21/2018,0
CAUCA,1/21/2018,0
CESAR,1/21/2018,0
CHOCO,1/21/2018,1
CORDOBA,1/21/2018,0
CUNDINAMARCA,1/21/2018,2
EXTERIOR,1/21/2018,0
GUAINIA,1/21/2018,0
HUILA,1/21/2018,0
LA GUAJIRA,1/21/2018,0
MAGDALENA,1/21/2018,1
META,1/21/2018,0
NARIÑO,1/21/2018,1
NORTE SANTANDER,1/21/2018,0
PUTUMAYO,1/21/2018,0
QUINDIO,1/21/2018,0
RISARALDA,1/21/2018,0
SANTANDER,1/21/2018,0
SUCRE,1/21/2018,0
TOLIMA,1/21/2018,0
VALLE DEL CAUCA,1/21/2018,2
VAUPES,1/21/2018,0
VICHADA,1/21/2018,0
ANTIOQUIA,1/28/2018,2
ARAUCA,1/28/2018,0
ATLANTICO,1/28/2018,0
BOGOTA,1/28/2018,1
BOLIVAR,1/28/2018,1
BOYACA,1/28/2018,0
CALDAS,1/28/2018,0
CAQUETA,1/28/2018,0
CASANARE,1/28/2018,0
CAUCA,1/28/2018,1
CESAR,1/28/2018,0
CHOCO,1/28/2018,0
CORDOBA,1/28/2018,0
CUNDINAMARCA,1/28/2018,1
EXTERIOR,1/28/2018,0
GUAINIA,1/28/2018,0
HUILA,1/28/2018,0
LA GUAJIRA,1/28/2018,0
MAGDALENA,1/28/2018,1
META,1/28/2018,1
NARIÑO,1/28/2018,1
NORTE SANTANDER,1/28/2018,0
PUTUMAYO,1/28/2018,0
QUINDIO,1/28/2018,0
RISARALDA,1/28/2018,0
SANTANDER,1/28/2018,0
SUCRE,1/28/2018,1
TOLIMA,1/28/2018,0
VALLE DEL CAUCA,1/28/2018,0
VAUPES,1/28/2018,0
VICHADA,1/28/2018,1
ANTIOQUIA,2/4/2018,1
ARAUCA,2/4/2018,0
ATLANTICO,2/4/2018,0
BOGOTA,2/4/2018,1
BOLIVAR,2/4/2018,0
BOYACA,2/4/2018,0
CALDAS,2/4/2018,0
CAQUETA,2/4/2018,0
CASANARE,2/4/2018,0
CAUCA,2/4/2018,1
CESAR,2/4/2018,0
CHOCO,2/4/2018,0
CORDOBA,2/4/2018,1
CUNDINAMARCA,2/4/2018,1
EXTERIOR,2/4/2018,0
GUAINIA,2/4/2018,0
HUILA,2/4/2018,0
LA GUAJIRA,2/4/2018,0
MAGDALENA,2/4/2018,0
META,2/4/2018,0
NARIÑO,2/4/2018,1
NORTE SANTANDER,2/4/2018,1
PUTUMAYO,2/4/2018,0
QUINDIO,2/4/2018,0
RISARALDA,2/4/2018,0
SANTANDER,2/4/2018,0
SUCRE,2/4/2018,0
TOLIMA,2/4/2018,0
VALLE DEL CAUCA,2/4/2018,1
VAUPES,2/4/2018,0
VICHADA,2/4/2018,0
ANTIOQUIA,2/11/2018,0
ARAUCA,2/11/2018,0
ATLANTICO,2/11/2018,0
BOGOTA,2/11/2018,1
BOLIVAR,2/11/2018,1
BOYACA,2/11/2018,1
CALDAS,2/11/2018,0
CAQUETA,2/11/2018,0
CASANARE,2/11/2018,0
CAUCA,2/11/2018,0
CESAR,2/11/2018,0
CHOCO,2/11/2018,3
CORDOBA,2/11/2018,0
CUNDINAMARCA,2/11/2018,0
EXTERIOR,2/11/2018,0
GUAINIA,2/11/2018,0
HUILA,2/11/2018,0
LA GUAJIRA,2/11/2018,0
MAGDALENA,2/11/2018,0
META,2/11/2018,1
NARIÑO,2/11/2018,0
NORTE SANTANDER,2/11/2018,1
PUTUMAYO,2/11/2018,0
QUINDIO,2/11/2018,0
RISARALDA,2/11/2018,0
SANTANDER,2/11/2018,0
SUCRE,2/11/2018,0
TOLIMA,2/11/2018,0
VALLE DEL CAUCA,2/11/2018,3
VAUPES,2/11/2018,0
VICHADA,2/11/2018,0
ANTIOQUIA,2/18/2018,1
ARAUCA,2/18/2018,0
ATLANTICO,2/18/2018,0
BOGOTA,2/18/2018,0
BOLIVAR,2/18/2018,0
BOYACA,2/18/2018,0
CALDAS,2/18/2018,0
CAQUETA,2/18/2018,0
CASANARE,2/18/2018,0
CAUCA,2/18/2018,0
CESAR,2/18/2018,0
CHOCO,2/18/2018,0
CORDOBA,2/18/2018,0
CUNDINAMARCA,2/18/2018,0
EXTERIOR,2/18/2018,0
GUAINIA,2/18/2018,0
HUILA,2/18/2018,0
LA GUAJIRA,2/18/2018,1
MAGDALENA,2/18/2018,0
META,2/18/2018,0
NARIÑO,2/18/2018,0
NORTE SANTANDER,2/18/2018,0
PUTUMAYO,2/18/2018,0
QUINDIO,2/18/2018,0
RISARALDA,2/18/2018,0
SANTANDER,2/18/2018,1
SUCRE,2/18/2018,0
TOLIMA,2/18/2018,0
VALLE DEL CAUCA,2/18/2018,1
VAUPES,2/18/2018,0
VICHADA,2/18/2018,0
ANTIOQUIA,2/25/2018,1
ARAUCA,2/25/2018,0
ATLANTICO,2/25/2018,1
BOGOTA,2/25/2018,1
BOLIVAR,2/25/2018,1
BOYACA,2/25/2018,0
CALDAS,2/25/2018,0
CAQUETA,2/25/2018,1
CASANARE,2/25/2018,0
CAUCA,2/25/2018,0
CESAR,2/25/2018,1
CHOCO,2/25/2018,0
CORDOBA,2/25/2018,0
CUNDINAMARCA,2/25/2018,1
EXTERIOR,2/25/2018,0
GUAINIA,2/25/2018,0
HUILA,2/25/2018,0
LA GUAJIRA,2/25/2018,1
MAGDALENA,2/25/2018,0
META,2/25/2018,2
NARIÑO,2/25/2018,0
NORTE SANTANDER,2/25/2018,1
PUTUMAYO,2/25/2018,1
QUINDIO,2/25/2018,0
RISARALDA,2/25/2018,0
SANTANDER,2/25/2018,1
SUCRE,2/25/2018,0
TOLIMA,2/25/2018,0
VALLE DEL CAUCA,2/25/2018,0
VAUPES,2/25/2018,0
VICHADA,2/25/2018,0
ANTIOQUIA,3/4/2018,1
ARAUCA,3/4/2018,1
ATLANTICO,3/4/2018,0
BOGOTA,3/4/2018,0
BOLIVAR,3/4/2018,1
BOYACA,3/4/2018,0
CALDAS,3/4/2018,0
CAQUETA,3/4/2018,0
CASANARE,3/4/2018,1
CAUCA,3/4/2018,0
CESAR,3/4/2018,0
CHOCO,3/4/2018,1
CORDOBA,3/4/2018,1
CUNDINAMARCA,3/4/2018,0
EXTERIOR,3/4/2018,0
GUAINIA,3/4/2018,0
HUILA,3/4/2018,0
LA GUAJIRA,3/4/2018,1
MAGDALENA,3/4/2018,0
META,3/4/2018,1
NARIÑO,3/4/2018,1
NORTE SANTANDER,3/4/2018,1
PUTUMAYO,3/4/2018,0
QUINDIO,3/4/2018,0
RISARALDA,3/4/2018,0
SANTANDER,3/4/2018,0
SUCRE,3/4/2018,1
TOLIMA,3/4/2018,0
VALLE DEL CAUCA,3/4/2018,1
VAUPES,3/4/2018,0
VICHADA,3/4/2018,0
ANTIOQUIA,3/11/2018,1
ARAUCA,3/11/2018,0
ATLANTICO,3/11/2018,1
BOGOTA,3/11/2018,2
BOLIVAR,3/11/2018,0
BOYACA,3/11/2018,0
CALDAS,3/11/2018,0
CAQUETA,3/11/2018,0
CASANARE,3/11/2018,0
CAUCA,3/11/2018,0
CESAR,3/11/2018,0
CHOCO,3/11/2018,1
CORDOBA,3/11/2018,0
CUNDINAMARCA,3/11/2018,1
EXTERIOR,3/11/2018,0
GUAINIA,3/11/2018,0
HUILA,3/11/2018,0
LA GUAJIRA,3/11/2018,0
MAGDALENA,3/11/2018,0
META,3/11/2018,1
NARIÑO,3/11/2018,1
NORTE SANTANDER,3/11/2018,0
PUTUMAYO,3/11/2018,0
QUINDIO,3/11/2018,0
RISARALDA,3/11/2018,0
SANTANDER,3/11/2018,1
SUCRE,3/11/2018,1
TOLIMA,3/11/2018,1
VALLE DEL CAUCA,3/11/2018,1
VAUPES,3/11/2018,0
VICHADA,3/11/2018,0
ANTIOQUIA,3/18/2018,2
ARAUCA,3/18/2018,0
ATLANTICO,3/18/2018,0
BOGOTA,3/18/2018,1
BOLIVAR,3/18/2018,0
BOYACA,3/18/2018,0
CALDAS,3/18/2018,0
CAQUETA,3/18/2018,0
CASANARE,3/18/2018,0
CAUCA,3/18/2018,1
CESAR,3/18/2018,0
CHOCO,3/18/2018,0
CORDOBA,3/18/2018,0
CUNDINAMARCA,3/18/2018,0
EXTERIOR,3/18/2018,0
GUAINIA,3/18/2018,0
HUILA,3/18/2018,0
LA GUAJIRA,3/18/2018,0
MAGDALENA,3/18/2018,0
META,3/18/2018,1
NARIÑO,3/18/2018,0
NORTE SANTANDER,3/18/2018,1
PUTUMAYO,3/18/2018,0
QUINDIO,3/18/2018,0
RISARALDA,3/18/2018,0
SANTANDER,3/18/2018,0
SUCRE,3/18/2018,0
TOLIMA,3/18/2018,1
VALLE DEL CAUCA,3/18/2018,0
VAUPES,3/18/2018,0
VICHADA,3/18/2018,0
ANTIOQUIA,3/25/2018,0
ARAUCA,3/25/2018,0
ATLANTICO,3/25/2018,0
BOGOTA,3/25/2018,2
BOLIVAR,3/25/2018,0
BOYACA,3/25/2018,3
CALDAS,3/25/2018,0
CAQUETA,3/25/2018,0
CASANARE,3/25/2018,0
CAUCA,3/25/2018,0
CESAR,3/25/2018,1
CHOCO,3/25/2018,0
CORDOBA,3/25/2018,0
CUNDINAMARCA,3/25/2018,0
EXTERIOR,3/25/2018,0
GUAINIA,3/25/2018,0
HUILA,3/25/2018,0
LA GUAJIRA,3/25/2018,0
MAGDALENA,3/25/2018,2
META,3/25/2018,0
NARIÑO,3/25/2018,0
NORTE SANTANDER,3/25/2018,0
PUTUMAYO,3/25/2018,0
QUINDIO,3/25/2018,0
RISARALDA,3/25/2018,0
SANTANDER,3/25/2018,0
SUCRE,3/25/2018,0
TOLIMA,3/25/2018,0
VALLE DEL CAUCA,3/25/2018,0
VAUPES,3/25/2018,0
VICHADA,3/25/2018,0
ANTIOQUIA,4/1/2018,1
ARAUCA,4/1/2018,0
ATLANTICO,4/1/2018,0
BOGOTA,4/1/2018,3
BOLIVAR,4/1/2018,0
BOYACA,4/1/2018,0
CALDAS,4/1/2018,1
CAQUETA,4/1/2018,0
CASANARE,4/1/2018,0
CAUCA,4/1/2018,1
CESAR,4/1/2018,0
CHOCO,4/1/2018,0
CORDOBA,4/1/2018,0
CUNDINAMARCA,4/1/2018,0
EXTERIOR,4/1/2018,0
GUAINIA,4/1/2018,0
HUILA,4/1/2018,0
LA GUAJIRA,4/1/2018,0
MAGDALENA,4/1/2018,1
META,4/1/2018,0
NARIÑO,4/1/2018,0
NORTE SANTANDER,4/1/2018,0
PUTUMAYO,4/1/2018,0
QUINDIO,4/1/2018,1
RISARALDA,4/1/2018,0
SANTANDER,4/1/2018,1
SUCRE,4/1/2018,0
TOLIMA,4/1/2018,0
VALLE DEL CAUCA,4/1/2018,0
VAUPES,4/1/2018,0
VICHADA,4/1/2018,0
ANTIOQUIA,4/8/2018,0
ARAUCA,4/8/2018,0
ATLANTICO,4/8/2018,1
BOGOTA,4/8/2018,1
BOLIVAR,4/8/2018,0
BOYACA,4/8/2018,1
CALDAS,4/8/2018,0
CAQUETA,4/8/2018,0
CASANARE,4/8/2018,0
CAUCA,4/8/2018,0
CESAR,4/8/2018,0
CHOCO,4/8/2018,0
CORDOBA,4/8/2018,0
CUNDINAMARCA,4/8/2018,0
EXTERIOR,4/8/2018,0
GUAINIA,4/8/2018,0
HUILA,4/8/2018,0
LA GUAJIRA,4/8/2018,0
MAGDALENA,4/8/2018,0
META,4/8/2018,0
NARIÑO,4/8/2018,0
NORTE SANTANDER,4/8/2018,0
PUTUMAYO,4/8/2018,1
QUINDIO,4/8/2018,0
RISARALDA,4/8/2018,0
SANTANDER,4/8/2018,0
SUCRE,4/8/2018,0
TOLIMA,4/8/2018,0
VALLE DEL CAUCA,4/8/2018,0
VAUPES,4/8/2018,0
VICHADA,4/8/2018,0
ANTIOQUIA,4/15/2018,1
ARAUCA,4/15/2018,0
ATLANTICO,4/15/2018,0
BOGOTA,4/15/2018,0
BOLIVAR,4/15/2018,0
BOYACA,4/15/2018,0
CALDAS,4/15/2018,0
CAQUETA,4/15/2018,0
CASANARE,4/15/2018,0
CAUCA,4/15/2018,0
CESAR,4/15/2018,1
CHOCO,4/15/2018,0
CORDOBA,4/15/2018,0
CUNDINAMARCA,4/15/2018,2
EXTERIOR,4/15/2018,0
GUAINIA,4/15/2018,0
HUILA,4/15/2018,0
LA GUAJIRA,4/15/2018,0
MAGDALENA,4/15/2018,0
META,4/15/2018,0
NARIÑO,4/15/2018,1
NORTE SANTANDER,4/15/2018,0
PUTUMAYO,4/15/2018,0
QUINDIO,4/15/2018,0
RISARALDA,4/15/2018,1
SANTANDER,4/15/2018,0
SUCRE,4/15/2018,0
TOLIMA,4/15/2018,0
VALLE DEL CAUCA,4/15/2018,1
VAUPES,4/15/2018,0
VICHADA,4/15/2018,1
ANTIOQUIA,4/22/2018,3
ARAUCA,4/22/2018,0
ATLANTICO,4/22/2018,1
BOGOTA,4/22/2018,2
BOLIVAR,4/22/2018,1
BOYACA,4/22/2018,0
CALDAS,4/22/2018,0
CAQUETA,4/22/2018,0
CASANARE,4/22/2018,0
CAUCA,4/22/2018,0
CESAR,4/22/2018,0
CHOCO,4/22/2018,0
CORDOBA,4/22/2018,0
CUNDINAMARCA,4/22/2018,0
EXTERIOR,4/22/2018,0
GUAINIA,4/22/2018,0
HUILA,4/22/2018,0
LA GUAJIRA,4/22/2018,0
MAGDALENA,4/22/2018,0
META,4/22/2018,0
NARIÑO,4/22/2018,0
NORTE SANTANDER,4/22/2018,0
PUTUMAYO,4/22/2018,0
QUINDIO,4/22/2018,0
RISARALDA,4/22/2018,1
SANTANDER,4/22/2018,1
SUCRE,4/22/2018,0
TOLIMA,4/22/2018,0
VALLE DEL CAUCA,4/22/2018,0
VAUPES,4/22/2018,0
VICHADA,4/22/2018,0
ANTIOQUIA,4/29/2018,1
ARAUCA,4/29/2018,0
ATLANTICO,4/29/2018,0
BOGOTA,4/29/2018,1
BOLIVAR,4/29/2018,0
BOYACA,4/29/2018,0
CALDAS,4/29/2018,0
CAQUETA,4/29/2018,0
CASANARE,4/29/2018,0
CAUCA,4/29/2018,0
CESAR,4/29/2018,2
CHOCO,4/29/2018,0
CORDOBA,4/29/2018,2
CUNDINAMARCA,4/29/2018,0
EXTERIOR,4/29/2018,0
GUAINIA,4/29/2018,0
HUILA,4/29/2018,0
LA GUAJIRA,4/29/2018,0
MAGDALENA,4/29/2018,0
META,4/29/2018,0
NARIÑO,4/29/2018,0
NORTE SANTANDER,4/29/2018,0
PUTUMAYO,4/29/2018,0
QUINDIO,4/29/2018,0
RISARALDA,4/29/2018,0
SANTANDER,4/29/2018,1
SUCRE,4/29/2018,1
TOLIMA,4/29/2018,0
VALLE DEL CAUCA,4/29/2018,0
VAUPES,4/29/2018,0
VICHADA,4/29/2018,0
ANTIOQUIA,5/6/2018,1
ARAUCA,5/6/2018,0
ATLANTICO,5/6/2018,0
BOGOTA,5/6/2018,0
BOLIVAR,5/6/2018,1
BOYACA,5/6/2018,0
CALDAS,5/6/2018,0
CAQUETA,5/6/2018,1
CASANARE,5/6/2018,0
CAUCA,5/6/2018,1
CESAR,5/6/2018,0
CHOCO,5/6/2018,0
CORDOBA,5/6/2018,1
CUNDINAMARCA,5/6/2018,1
EXTERIOR,5/6/2018,2
GUAINIA,5/6/2018,0
HUILA,5/6/2018,1
LA GUAJIRA,5/6/2018,0
MAGDALENA,5/6/2018,1
META,5/6/2018,1
NARIÑO,5/6/2018,0
NORTE SANTANDER,5/6/2018,0
PUTUMAYO,5/6/2018,0
QUINDIO,5/6/2018,0
RISARALDA,5/6/2018,0
SANTANDER,5/6/2018,1
SUCRE,5/6/2018,0
TOLIMA,5/6/2018,1
VALLE DEL CAUCA,5/6/2018,1
VAUPES,5/6/2018,0
VICHADA,5/6/2018,1
ANTIOQUIA,5/13/2018,0
ARAUCA,5/13/2018,1
ATLANTICO,5/13/2018,0
BOGOTA,5/13/2018,0
BOLIVAR,5/13/2018,0
BOYACA,5/13/2018,0
CALDAS,5/13/2018,0
CAQUETA,5/13/2018,0
CASANARE,5/13/2018,0
CAUCA,5/13/2018,0
CESAR,5/13/2018,1
CHOCO,5/13/2018,0
CORDOBA,5/13/2018,1
CUNDINAMARCA,5/13/2018,1
EXTERIOR,5/13/2018,0
GUAINIA,5/13/2018,0
HUILA,5/13/2018,0
LA GUAJIRA,5/13/2018,1
MAGDALENA,5/13/2018,0
META,5/13/2018,0
NARIÑO,5/13/2018,0
NORTE SANTANDER,5/13/2018,0
PUTUMAYO,5/13/2018,0
QUINDIO,5/13/2018,0
RISARALDA,5/13/2018,0
SANTANDER,5/13/2018,0
SUCRE,5/13/2018,0
TOLIMA,5/13/2018,1
VALLE DEL CAUCA,5/13/2018,1
VAUPES,5/13/2018,0
VICHADA,5/13/2018,0
ANTIOQUIA,5/20/2018,2
ARAUCA,5/20/2018,1
ATLANTICO,5/20/2018,2
BOGOTA,5/20/2018,6
BOLIVAR,5/20/2018,1
BOYACA,5/20/2018,1
CALDAS,5/20/2018,0
CAQUETA,5/20/2018,0
CASANARE,5/20/2018,0
CAUCA,5/20/2018,0
CESAR,5/20/2018,0
CHOCO,5/20/2018,1
CORDOBA,5/20/2018,0
CUNDINAMARCA,5/20/2018,0
EXTERIOR,5/20/2018,0
GUAINIA,5/20/2018,0
HUILA,5/20/2018,0
LA GUAJIRA,5/20/2018,1
MAGDALENA,5/20/2018,0
META,5/20/2018,0
NARIÑO,5/20/2018,0
NORTE SANTANDER,5/20/2018,0
PUTUMAYO,5/20/2018,0
QUINDIO,5/20/2018,0
RISARALDA,5/20/2018,0
SANTANDER,5/20/2018,0
SUCRE,5/20/2018,1
TOLIMA,5/20/2018,1
VALLE DEL CAUCA,5/20/2018,0
VAUPES,5/20/2018,0
VICHADA,5/20/2018,0
ANTIOQUIA,5/27/2018,1
ARAUCA,5/27/2018,0
ATLANTICO,5/27/2018,2
BOGOTA,5/27/2018,0
BOLIVAR,5/27/2018,1
BOYACA,5/27/2018,0
CALDAS,5/27/2018,0
CAQUETA,5/27/2018,0
CASANARE,5/27/2018,0
CAUCA,5/27/2018,0
CESAR,5/27/2018,1
CHOCO,5/27/2018,0
CORDOBA,5/27/2018,0
CUNDINAMARCA,5/27/2018,1
EXTERIOR,5/27/2018,0
GUAINIA,5/27/2018,0
HUILA,5/27/2018,0
LA GUAJIRA,5/27/2018,0
MAGDALENA,5/27/2018,1
META,5/27/2018,0
NARIÑO,5/27/2018,0
NORTE SANTANDER,5/27/2018,1
PUTUMAYO,5/27/2018,0
QUINDIO,5/27/2018,0
RISARALDA,5/27/2018,0
SANTANDER,5/27/2018,1
SUCRE,5/27/2018,0
TOLIMA,5/27/2018,0
VALLE DEL CAUCA,5/27/2018,1
VAUPES,5/27/2018,0
VICHADA,5/27/2018,0
ANTIOQUIA,6/3/2018,3
ARAUCA,6/3/2018,0
ATLANTICO,6/3/2018,0
BOGOTA,6/3/2018,0
BOLIVAR,6/3/2018,1
BOYACA,6/3/2018,0
CALDAS,6/3/2018,0
CAQUETA,6/3/2018,1
CASANARE,6/3/2018,0
CAUCA,6/3/2018,0
CESAR,6/3/2018,0
CHOCO,6/3/2018,0
CORDOBA,6/3/2018,2
CUNDINAMARCA,6/3/2018,0
EXTERIOR,6/3/2018,1
GUAINIA,6/3/2018,0
HUILA,6/3/2018,0
LA GUAJIRA,6/3/2018,0
MAGDALENA,6/3/2018,0
META,6/3/2018,0
NARIÑO,6/3/2018,1
NORTE SANTANDER,6/3/2018,0
PUTUMAYO,6/3/2018,0
QUINDIO,6/3/2018,0
RISARALDA,6/3/2018,0
SANTANDER,6/3/2018,0
SUCRE,6/3/2018,0
TOLIMA,6/3/2018,0
VALLE DEL CAUCA,6/3/2018,0
VAUPES,6/3/2018,0
VICHADA,6/3/2018,0
ANTIOQUIA,6/10/2018,2
ARAUCA,6/10/2018,0
ATLANTICO,6/10/2018,0
BOGOTA,6/10/2018,3
BOLIVAR,6/10/2018,0
BOYACA,6/10/2018,1
CALDAS,6/10/2018,0
CAQUETA,6/10/2018,0
CASANARE,6/10/2018,0
CAUCA,6/10/2018,0
CESAR,6/10/2018,0
CHOCO,6/10/2018,0
CORDOBA,6/10/2018,0
CUNDINAMARCA,6/10/2018,1
EXTERIOR,6/10/2018,0
GUAINIA,6/10/2018,0
HUILA,6/10/2018,0
LA GUAJIRA,6/10/2018,0
MAGDALENA,6/10/2018,0
META,6/10/2018,0
NARIÑO,6/10/2018,0
NORTE SANTANDER,6/10/2018,0
PUTUMAYO,6/10/2018,1
QUINDIO,6/10/2018,0
RISARALDA,6/10/2018,0
SANTANDER,6/10/2018,0
SUCRE,6/10/2018,0
TOLIMA,6/10/2018,0
VALLE DEL CAUCA,6/10/2018,1
VAUPES,6/10/2018,0
VICHADA,6/10/2018,0
ANTIOQUIA,6/17/2018,0
ARAUCA,6/17/2018,0
ATLANTICO,6/17/2018,2
BOGOTA,6/17/2018,1
BOLIVAR,6/17/2018,0
BOYACA,6/17/2018,0
CALDAS,6/17/2018,2
CAQUETA,6/17/2018,1
CASANARE,6/17/2018,1
CAUCA,6/17/2018,0
CESAR,6/17/2018,0
CHOCO,6/17/2018,0
CORDOBA,6/17/2018,0
CUNDINAMARCA,6/17/2018,2
EXTERIOR,6/17/2018,0
GUAINIA,6/17/2018,0
HUILA,6/17/2018,0
LA GUAJIRA,6/17/2018,0
MAGDALENA,6/17/2018,0
META,6/17/2018,0
NARIÑO,6/17/2018,0
NORTE SANTANDER,6/17/2018,0
PUTUMAYO,6/17/2018,0
QUINDIO,6/17/2018,0
RISARALDA,6/17/2018,0
SANTANDER,6/17/2018,1
SUCRE,6/17/2018,1
TOLIMA,6/17/2018,0
VALLE DEL CAUCA,6/17/2018,0
VAUPES,6/17/2018,0
VICHADA,6/17/2018,0
ANTIOQUIA,6/24/2018,0
ARAUCA,6/24/2018,0
ATLANTICO,6/24/2018,0
BOGOTA,6/24/2018,4
BOLIVAR,6/24/2018,1
BOYACA,6/24/2018,0
CALDAS,6/24/2018,0
CAQUETA,6/24/2018,0
CASANARE,6/24/2018,0
CAUCA,6/24/2018,0
CESAR,6/24/2018,0
CHOCO,6/24/2018,1
CORDOBA,6/24/2018,1
CUNDINAMARCA,6/24/2018,2
EXTERIOR,6/24/2018,0
GUAINIA,6/24/2018,0
HUILA,6/24/2018,0
LA GUAJIRA,6/24/2018,0
MAGDALENA,6/24/2018,2
META,6/24/2018,0
NARIÑO,6/24/2018,0
NORTE SANTANDER,6/24/2018,0
PUTUMAYO,6/24/2018,0
QUINDIO,6/24/2018,0
RISARALDA,6/24/2018,0
SANTANDER,6/24/2018,2
SUCRE,6/24/2018,1
TOLIMA,6/24/2018,1
VALLE DEL CAUCA,6/24/2018,1
VAUPES,6/24/2018,0
VICHADA,6/24/2018,0
ANTIOQUIA,7/1/2018,0
ARAUCA,7/1/2018,0
ATLANTICO,7/1/2018,0
BOGOTA,7/1/2018,1
BOLIVAR,7/1/2018,0
BOYACA,7/1/2018,0
CALDAS,7/1/2018,0
CAQUETA,7/1/2018,0
CASANARE,7/1/2018,1
CAUCA,7/1/2018,0
CESAR,7/1/2018,0
CHOCO,7/1/2018,0
CORDOBA,7/1/2018,0
CUNDINAMARCA,7/1/2018,0
EXTERIOR,7/1/2018,1
GUAINIA,7/1/2018,1
HUILA,7/1/2018,0
LA GUAJIRA,7/1/2018,1
MAGDALENA,7/1/2018,1
META,7/1/2018,0
NARIÑO,7/1/2018,0
NORTE SANTANDER,7/1/2018,0
PUTUMAYO,7/1/2018,0
QUINDIO,7/1/2018,0
RISARALDA,7/1/2018,0
SANTANDER,7/1/2018,0
SUCRE,7/1/2018,0
TOLIMA,7/1/2018,0
VALLE DEL CAUCA,7/1/2018,2
VAUPES,7/1/2018,0
VICHADA,7/1/2018,0
ANTIOQUIA,7/8/2018,1
ARAUCA,7/8/2018,0
ATLANTICO,7/8/2018,2
BOGOTA,7/8/2018,0
BOLIVAR,7/8/2018,0
BOYACA,7/8/2018,0
CALDAS,7/8/2018,0
CAQUETA,7/8/2018,0
CASANARE,7/8/2018,0
CAUCA,7/8/2018,0
CESAR,7/8/2018,0
CHOCO,7/8/2018,0
CORDOBA,7/8/2018,0
CUNDINAMARCA,7/8/2018,1
EXTERIOR,7/8/2018,0
GUAINIA,7/8/2018,0
HUILA,7/8/2018,0
LA GUAJIRA,7/8/2018,0
MAGDALENA,7/8/2018,0
META,7/8/2018,2
NARIÑO,7/8/2018,0
NORTE SANTANDER,7/8/2018,0
PUTUMAYO,7/8/2018,0
QUINDIO,7/8/2018,0
RISARALDA,7/8/2018,0
SANTANDER,7/8/2018,0
SUCRE,7/8/2018,1
TOLIMA,7/8/2018,1
VALLE DEL CAUCA,7/8/2018,0
VAUPES,7/8/2018,0
VICHADA,7/8/2018,1
ANTIOQUIA,7/15/2018,0
ARAUCA,7/15/2018,0
ATLANTICO,7/15/2018,1
BOGOTA,7/15/2018,1
BOLIVAR,7/15/2018,2
BOYACA,7/15/2018,1
CALDAS,7/15/2018,0
CAQUETA,7/15/2018,0
CASANARE,7/15/2018,0
CAUCA,7/15/2018,1
CESAR,7/15/2018,0
CHOCO,7/15/2018,1
CORDOBA,7/15/2018,1
CUNDINAMARCA,7/15/2018,0
EXTERIOR,7/15/2018,0
GUAINIA,7/15/2018,1
HUILA,7/15/2018,1
LA GUAJIRA,7/15/2018,0
MAGDALENA,7/15/2018,0
META,7/15/2018,0
NARIÑO,7/15/2018,0
NORTE SANTANDER,7/15/2018,0
PUTUMAYO,7/15/2018,0
QUINDIO,7/15/2018,0
RISARALDA,7/15/2018,0
SANTANDER,7/15/2018,0
SUCRE,7/15/2018,1
TOLIMA,7/15/2018,0
VALLE DEL CAUCA,7/15/2018,1
VAUPES,7/15/2018,0
VICHADA,7/15/2018,1
ANTIOQUIA,7/22/2018,0
ARAUCA,7/22/2018,0
ATLANTICO,7/22/2018,0
BOGOTA,7/22/2018,1
BOLIVAR,7/22/2018,0
BOYACA,7/22/2018,1
CALDAS,7/22/2018,0
CAQUETA,7/22/2018,0
CASANARE,7/22/2018,0
CAUCA,7/22/2018,0
CESAR,7/22/2018,1
CHOCO,7/22/2018,0
CORDOBA,7/22/2018,0
CUNDINAMARCA,7/22/2018,0
EXTERIOR,7/22/2018,1
GUAINIA,7/22/2018,0
HUILA,7/22/2018,0
LA GUAJIRA,7/22/2018,2
MAGDALENA,7/22/2018,0
META,7/22/2018,1
NARIÑO,7/22/2018,0
NORTE SANTANDER,7/22/2018,0
PUTUMAYO,7/22/2018,0
QUINDIO,7/22/2018,0
RISARALDA,7/22/2018,0
SANTANDER,7/22/2018,0
SUCRE,7/22/2018,0
TOLIMA,7/22/2018,0
VALLE DEL CAUCA,7/22/2018,2
VAUPES,7/22/2018,1
VICHADA,7/22/2018,0
ANTIOQUIA,7/29/2018,1
ARAUCA,7/29/2018,0
ATLANTICO,7/29/2018,0
BOGOTA,7/29/2018,2
BOLIVAR,7/29/2018,0
BOYACA,7/29/2018,0
CALDAS,7/29/2018,0
CAQUETA,7/29/2018,0
CASANARE,7/29/2018,0
CAUCA,7/29/2018,0
CESAR,7/29/2018,0
CHOCO,7/29/2018,0
CORDOBA,7/29/2018,0
CUNDINAMARCA,7/29/2018,1
EXTERIOR,7/29/2018,0
GUAINIA,7/29/2018,0
HUILA,7/29/2018,1
LA GUAJIRA,7/29/2018,0
MAGDALENA,7/29/2018,0
META,7/29/2018,0
NARIÑO,7/29/2018,1
NORTE SANTANDER,7/29/2018,0
PUTUMAYO,7/29/2018,0
QUINDIO,7/29/2018,0
RISARALDA,7/29/2018,0
SANTANDER,7/29/2018,1
SUCRE,7/29/2018,1
TOLIMA,7/29/2018,1
VALLE DEL CAUCA,7/29/2018,0
VAUPES,7/29/2018,0
VICHADA,7/29/2018,0
ANTIOQUIA,8/5/2018,1
ARAUCA,8/5/2018,0
ATLANTICO,8/5/2018,3
BOGOTA,8/5/2018,1
BOLIVAR,8/5/2018,0
BOYACA,8/5/2018,1
CALDAS,8/5/2018,0
CAQUETA,8/5/2018,0
CASANARE,8/5/2018,0
CAUCA,8/5/2018,0
CESAR,8/5/2018,0
CHOCO,8/5/2018,1
CORDOBA,8/5/2018,1
CUNDINAMARCA,8/5/2018,0
EXTERIOR,8/5/2018,0
GUAINIA,8/5/2018,0
HUILA,8/5/2018,0
LA GUAJIRA,8/5/2018,2
MAGDALENA,8/5/2018,0
META,8/5/2018,0
NARIÑO,8/5/2018,1
NORTE SANTANDER,8/5/2018,0
PUTUMAYO,8/5/2018,0
QUINDIO,8/5/2018,1
RISARALDA,8/5/2018,0
SANTANDER,8/5/2018,2
SUCRE,8/5/2018,3
TOLIMA,8/5/2018,0
VALLE DEL CAUCA,8/5/2018,0
VAUPES,8/5/2018,0
VICHADA,8/5/2018,0
ANTIOQUIA,8/12/2018,0
ARAUCA,8/12/2018,0
ATLANTICO,8/12/2018,1
BOGOTA,8/12/2018,2
BOLIVAR,8/12/2018,0
BOYACA,8/12/2018,1
CALDAS,8/12/2018,0
CAQUETA,8/12/2018,0
CASANARE,8/12/2018,0
CAUCA,8/12/2018,1
CESAR,8/12/2018,0
CHOCO,8/12/2018,0
CORDOBA,8/12/2018,1
CUNDINAMARCA,8/12/2018,1
EXTERIOR,8/12/2018,0
GUAINIA,8/12/2018,0
HUILA,8/12/2018,0
LA GUAJIRA,8/12/2018,0
MAGDALENA,8/12/2018,0
META,8/12/2018,0
NARIÑO,8/12/2018,0
NORTE SANTANDER,8/12/2018,2
PUTUMAYO,8/12/2018,1
QUINDIO,8/12/2018,0
RISARALDA,8/12/2018,1
SANTANDER,8/12/2018,0
SUCRE,8/12/2018,1
TOLIMA,8/12/2018,0
VALLE DEL CAUCA,8/12/2018,0
VAUPES,8/12/2018,0
VICHADA,8/12/2018,0
ANTIOQUIA,8/19/2018,1
ARAUCA,8/19/2018,0
ATLANTICO,8/19/2018,0
BOGOTA,8/19/2018,1
BOLIVAR,8/19/2018,0
BOYACA,8/19/2018,0
CALDAS,8/19/2018,0
CAQUETA,8/19/2018,0
CASANARE,8/19/2018,0
CAUCA,8/19/2018,0
CESAR,8/19/2018,0
CHOCO,8/19/2018,0
CORDOBA,8/19/2018,0
CUNDINAMARCA,8/19/2018,0
EXTERIOR,8/19/2018,0
GUAINIA,8/19/2018,0
HUILA,8/19/2018,1
LA GUAJIRA,8/19/2018,0
MAGDALENA,8/19/2018,0
META,8/19/2018,0
NARIÑO,8/19/2018,0
NORTE SANTANDER,8/19/2018,0
PUTUMAYO,8/19/2018,0
QUINDIO,8/19/2018,0
RISARALDA,8/19/2018,0
SANTANDER,8/19/2018,2
SUCRE,8/19/2018,0
TOLIMA,8/19/2018,1
VALLE DEL CAUCA,8/19/2018,0
VAUPES,8/19/2018,0
VICHADA,8/19/2018,0
ANTIOQUIA,8/26/2018,2
ARAUCA,8/26/2018,0
ATLANTICO,8/26/2018,1
BOGOTA,8/26/2018,1
BOLIVAR,8/26/2018,0
BOYACA,8/26/2018,1
CALDAS,8/26/2018,0
CAQUETA,8/26/2018,0
CASANARE,8/26/2018,0
CAUCA,8/26/2018,0
CESAR,8/26/2018,1
CHOCO,8/26/2018,0
CORDOBA,8/26/2018,1
CUNDINAMARCA,8/26/2018,0
EXTERIOR,8/26/2018,0
GUAINIA,8/26/2018,0
HUILA,8/26/2018,0
LA GUAJIRA,8/26/2018,2
MAGDALENA,8/26/2018,0
META,8/26/2018,0
NARIÑO,8/26/2018,1
NORTE SANTANDER,8/26/2018,0
PUTUMAYO,8/26/2018,0
QUINDIO,8/26/2018,0
RISARALDA,8/26/2018,0
SANTANDER,8/26/2018,0
SUCRE,8/26/2018,1
TOLIMA,8/26/2018,0
VALLE DEL CAUCA,8/26/2018,1
VAUPES,8/26/2018,0
VICHADA,8/26/2018,1
ANTIOQUIA,9/2/2018,1
ARAUCA,9/2/2018,1
ATLANTICO,9/2/2018,1
BOGOTA,9/2/2018,0
BOLIVAR,9/2/2018,0
BOYACA,9/2/2018,0
CALDAS,9/2/2018,1
CAQUETA,9/2/2018,0
CASANARE,9/2/2018,0
CAUCA,9/2/2018,1
CESAR,9/2/2018,0
CHOCO,9/2/2018,1
CORDOBA,9/2/2018,2
CUNDINAMARCA,9/2/2018,0
EXTERIOR,9/2/2018,0
GUAINIA,9/2/2018,0
HUILA,9/2/2018,0
LA GUAJIRA,9/2/2018,0
MAGDALENA,9/2/2018,0
META,9/2/2018,0
NARIÑO,9/2/2018,1
NORTE SANTANDER,9/2/2018,0
PUTUMAYO,9/2/2018,0
QUINDIO,9/2/2018,0
RISARALDA,9/2/2018,0
SANTANDER,9/2/2018,1
SUCRE,9/2/2018,0
TOLIMA,9/2/2018,0
VALLE DEL CAUCA,9/2/2018,3
VAUPES,9/2/2018,0
VICHADA,9/2/2018,0
ANTIOQUIA,9/9/2018,1
ARAUCA,9/9/2018,0
ATLANTICO,9/9/2018,0
BOGOTA,9/9/2018,2
BOLIVAR,9/9/2018,0
BOYACA,9/9/2018,0
CALDAS,9/9/2018,0
CAQUETA,9/9/2018,0
CASANARE,9/9/2018,0
CAUCA,9/9/2018,0
CESAR,9/9/2018,1
CHOCO,9/9/2018,0
CORDOBA,9/9/2018,1
CUNDINAMARCA,9/9/2018,2
EXTERIOR,9/9/2018,0
GUAINIA,9/9/2018,0
HUILA,9/9/2018,0
LA GUAJIRA,9/9/2018,0
MAGDALENA,9/9/2018,1
META,9/9/2018,0
NARIÑO,9/9/2018,0
NORTE SANTANDER,9/9/2018,1
PUTUMAYO,9/9/2018,0
QUINDIO,9/9/2018,0
RISARALDA,9/9/2018,0
SANTANDER,9/9/2018,0
SUCRE,9/9/2018,1
TOLIMA,9/9/2018,1
VALLE DEL CAUCA,9/9/2018,3
VAUPES,9/9/2018,0
VICHADA,9/9/2018,0
ANTIOQUIA,9/16/2018,6
ARAUCA,9/16/2018,0
ATLANTICO,9/16/2018,2
BOGOTA,9/16/2018,0
BOLIVAR,9/16/2018,0
BOYACA,9/16/2018,1
CALDAS,9/16/2018,0
CAQUETA,9/16/2018,0
CASANARE,9/16/2018,0
CAUCA,9/16/2018,0
CESAR,9/16/2018,1
CHOCO,9/16/2018,0
CORDOBA,9/16/2018,0
CUNDINAMARCA,9/16/2018,1
EXTERIOR,9/16/2018,0
GUAINIA,9/16/2018,0
HUILA,9/16/2018,0
LA GUAJIRA,9/16/2018,0
MAGDALENA,9/16/2018,0
META,9/16/2018,0
NARIÑO,9/16/2018,0
NORTE SANTANDER,9/16/2018,0
PUTUMAYO,9/16/2018,0
QUINDIO,9/16/2018,0
RISARALDA,9/16/2018,0
SANTANDER,9/16/2018,0
SUCRE,9/16/2018,0
TOLIMA,9/16/2018,1
VALLE DEL CAUCA,9/16/2018,2
VAUPES,9/16/2018,0
VICHADA,9/16/2018,0
ANTIOQUIA,9/23/2018,2
ARAUCA,9/23/2018,0
ATLANTICO,9/23/2018,0
BOGOTA,9/23/2018,0
BOLIVAR,9/23/2018,0
BOYACA,9/23/2018,0
CALDAS,9/23/2018,0
CAQUETA,9/23/2018,0
CASANARE,9/23/2018,0
CAUCA,9/23/2018,0
CESAR,9/23/2018,1
CHOCO,9/23/2018,0
CORDOBA,9/23/2018,2
CUNDINAMARCA,9/23/2018,0
EXTERIOR,9/23/2018,0
GUAINIA,9/23/2018,0
HUILA,9/23/2018,0
LA GUAJIRA,9/23/2018,1
MAGDALENA,9/23/2018,0
META,9/23/2018,0
NARIÑO,9/23/2018,0
NORTE SANTANDER,9/23/2018,0
PUTUMAYO,9/23/2018,0
QUINDIO,9/23/2018,0
RISARALDA,9/23/2018,0
SANTANDER,9/23/2018,1
SUCRE,9/23/2018,0
TOLIMA,9/23/2018,1
VALLE DEL CAUCA,9/23/2018,2
VAUPES,9/23/2018,0
VICHADA,9/23/2018,0
ANTIOQUIA,9/30/2018,0
ARAUCA,9/30/2018,1
ATLANTICO,9/30/2018,0
BOGOTA,9/30/2018,2
BOLIVAR,9/30/2018,0
BOYACA,9/30/2018,0
CALDAS,9/30/2018,0
CAQUETA,9/30/2018,0
CASANARE,9/30/2018,0
CAUCA,9/30/2018,1
CESAR,9/30/2018,0
CHOCO,9/30/2018,0
CORDOBA,9/30/2018,0
CUNDINAMARCA,9/30/2018,0
EXTERIOR,9/30/2018,0
GUAINIA,9/30/2018,0
HUILA,9/30/2018,0
LA GUAJIRA,9/30/2018,1
MAGDALENA,9/30/2018,1
META,9/30/2018,0
NARIÑO,9/30/2018,0
NORTE SANTANDER,9/30/2018,0
PUTUMAYO,9/30/2018,0
QUINDIO,9/30/2018,0
RISARALDA,9/30/2018,0
SANTANDER,9/30/2018,0
SUCRE,9/30/2018,0
TOLIMA,9/30/2018,0
VALLE DEL CAUCA,9/30/2018,1
VAUPES,9/30/2018,0
VICHADA,9/30/2018,0
ANTIOQUIA,10/7/2018,1
ARAUCA,10/7/2018,0
ATLANTICO,10/7/2018,0
BOGOTA,10/7/2018,0
BOLIVAR,10/7/2018,1
BOYACA,10/7/2018,1
CALDAS,10/7/2018,1
CAQUETA,10/7/2018,0
CASANARE,10/7/2018,0
CAUCA,10/7/2018,0
CESAR,10/7/2018,1
CHOCO,10/7/2018,0
CORDOBA,10/7/2018,0
CUNDINAMARCA,10/7/2018,0
EXTERIOR,10/7/2018,0
GUAINIA,10/7/2018,0
HUILA,10/7/2018,1
LA GUAJIRA,10/7/2018,1
MAGDALENA,10/7/2018,0
META,10/7/2018,0
NARIÑO,10/7/2018,1
NORTE SANTANDER,10/7/2018,1
PUTUMAYO,10/7/2018,0
QUINDIO,10/7/2018,0
RISARALDA,10/7/2018,0
SANTANDER,10/7/2018,0
SUCRE,10/7/2018,1
TOLIMA,10/7/2018,0
VALLE DEL CAUCA,10/7/2018,0
VAUPES,10/7/2018,0
VICHADA,10/7/2018,0
ANTIOQUIA,10/14/2018,0
ARAUCA,10/14/2018,0
ATLANTICO,10/14/2018,0
BOGOTA,10/14/2018,0
BOLIVAR,10/14/2018,1
BOYACA,10/14/2018,0
CALDAS,10/14/2018,0
CAQUETA,10/14/2018,0
CASANARE,10/14/2018,0
CAUCA,10/14/2018,1
CESAR,10/14/2018,0
CHOCO,10/14/2018,0
CORDOBA,10/14/2018,1
CUNDINAMARCA,10/14/2018,1
EXTERIOR,10/14/2018,1
GUAINIA,10/14/2018,0
HUILA,10/14/2018,0
LA GUAJIRA,10/14/2018,0
MAGDALENA,10/14/2018,1
META,10/14/2018,0
NARIÑO,10/14/2018,1
NORTE SANTANDER,10/14/2018,1
PUTUMAYO,10/14/2018,0
QUINDIO,10/14/2018,0
RISARALDA,10/14/2018,0
SANTANDER,10/14/2018,0
SUCRE,10/14/2018,0
TOLIMA,10/14/2018,0
VALLE DEL CAUCA,10/14/2018,1
VAUPES,10/14/2018,0
VICHADA,10/14/2018,0
ANTIOQUIA,10/21/2018,1
ARAUCA,10/21/2018,0
ATLANTICO,10/21/2018,1
BOGOTA,10/21/2018,2
BOLIVAR,10/21/2018,0
BOYACA,10/21/2018,0
CALDAS,10/21/2018,0
CAQUETA,10/21/2018,0
CASANARE,10/21/2018,0
CAUCA,10/21/2018,0
CESAR,10/21/2018,1
CHOCO,10/21/2018,0
CORDOBA,10/21/2018,0
CUNDINAMARCA,10/21/2018,0
EXTERIOR,10/21/2018,0
GUAINIA,10/21/2018,0
HUILA,10/21/2018,0
LA GUAJIRA,10/21/2018,0
MAGDALENA,10/21/2018,1
META,10/21/2018,0
NARIÑO,10/21/2018,1
NORTE SANTANDER,10/21/2018,0
PUTUMAYO,10/21/2018,2
QUINDIO,10/21/2018,1
RISARALDA,10/21/2018,3
SANTANDER,10/21/2018,0
SUCRE,10/21/2018,0
TOLIMA,10/21/2018,0
VALLE DEL CAUCA,10/21/2018,1
VAUPES,10/21/2018,0
VICHADA,10/21/2018,0
ANTIOQUIA,10/28/2018,1
ARAUCA,10/28/2018,0
ATLANTICO,10/28/2018,2
BOGOTA,10/28/2018,0
BOLIVAR,10/28/2018,0
BOYACA,10/28/2018,0
CALDAS,10/28/2018,1
CAQUETA,10/28/2018,0
CASANARE,10/28/2018,0
CAUCA,10/28/2018,0
CESAR,10/28/2018,1
CHOCO,10/28/2018,0
CORDOBA,10/28/2018,1
CUNDINAMARCA,10/28/2018,0
EXTERIOR,10/28/2018,0
GUAINIA,10/28/2018,0
HUILA,10/28/2018,0
LA GUAJIRA,10/28/2018,1
MAGDALENA,10/28/2018,1
META,10/28/2018,0
NARIÑO,10/28/2018,2
NORTE SANTANDER,10/28/2018,0
PUTUMAYO,10/28/2018,0
QUINDIO,10/28/2018,0
RISARALDA,10/28/2018,0
SANTANDER,10/28/2018,1
SUCRE,10/28/2018,0
TOLIMA,10/28/2018,0
VALLE DEL CAUCA,10/28/2018,0
VAUPES,10/28/2018,0
VICHADA,10/28/2018,0
ANTIOQUIA,11/4/2018,0
ARAUCA,11/4/2018,0
ATLANTICO,11/4/2018,0
BOGOTA,11/4/2018,0
BOLIVAR,11/4/2018,1
BOYACA,11/4/2018,0
CALDAS,11/4/2018,1
CAQUETA,11/4/2018,0
CASANARE,11/4/2018,0
CAUCA,11/4/2018,0
CESAR,11/4/2018,2
CHOCO,11/4/2018,0
CORDOBA,11/4/2018,0
CUNDINAMARCA,11/4/2018,0
EXTERIOR,11/4/2018,0
GUAINIA,11/4/2018,0
HUILA,11/4/2018,0
LA GUAJIRA,11/4/2018,0
MAGDALENA,11/4/2018,2
META,11/4/2018,0
NARIÑO,11/4/2018,0
NORTE SANTANDER,11/4/2018,1
PUTUMAYO,11/4/2018,0
QUINDIO,11/4/2018,0
RISARALDA,11/4/2018,0
SANTANDER,11/4/2018,0
SUCRE,11/4/2018,0
TOLIMA,11/4/2018,0
VALLE DEL CAUCA,11/4/2018,2
VAUPES,11/4/2018,0
VICHADA,11/4/2018,0
ANTIOQUIA,11/11/2018,2
ARAUCA,11/11/2018,0
ATLANTICO,11/11/2018,0
BOGOTA,11/11/2018,1
BOLIVAR,11/11/2018,1
BOYACA,11/11/2018,0
CALDAS,11/11/2018,0
CAQUETA,11/11/2018,0
CASANARE,11/11/2018,0
CAUCA,11/11/2018,0
CESAR,11/11/2018,0
CHOCO,11/11/2018,0
CORDOBA,11/11/2018,1
CUNDINAMARCA,11/11/2018,0
EXTERIOR,11/11/2018,0
GUAINIA,11/11/2018,0
HUILA,11/11/2018,0
LA GUAJIRA,11/11/2018,0
MAGDALENA,11/11/2018,1
META,11/11/2018,0
NARIÑO,11/11/2018,0
NORTE SANTANDER,11/11/2018,0
PUTUMAYO,11/11/2018,0
QUINDIO,11/11/2018,0
RISARALDA,11/11/2018,1
SANTANDER,11/11/2018,1
SUCRE,11/11/2018,0
TOLIMA,11/11/2018,0
VALLE DEL CAUCA,11/11/2018,0
VAUPES,11/11/2018,0
VICHADA,11/11/2018,0
ANTIOQUIA,11/18/2018,0
ARAUCA,11/18/2018,1
ATLANTICO,11/18/2018,0
BOGOTA,11/18/2018,1
BOLIVAR,11/18/2018,0
BOYACA,11/18/2018,0
CALDAS,11/18/2018,0
CAQUETA,11/18/2018,0
CASANARE,11/18/2018,0
CAUCA,11/18/2018,0
CESAR,11/18/2018,0
CHOCO,11/18/2018,0
CORDOBA,11/18/2018,0
CUNDINAMARCA,11/18/2018,0
EXTERIOR,11/18/2018,0
GUAINIA,11/18/2018,0
HUILA,11/18/2018,0
LA GUAJIRA,11/18/2018,1
MAGDALENA,11/18/2018,0
META,11/18/2018,0
NARIÑO,11/18/2018,0
NORTE SANTANDER,11/18/2018,0
PUTUMAYO,11/18/2018,0
QUINDIO,11/18/2018,0
RISARALDA,11/18/2018,0
SANTANDER,11/18/2018,0
SUCRE,11/18/2018,0
TOLIMA,11/18/2018,0
VALLE DEL CAUCA,11/18/2018,0
VAUPES,11/18/2018,0
VICHADA,11/18/2018,0
ANTIOQUIA,11/25/2018,0
ARAUCA,11/25/2018,1
ATLANTICO,11/25/2018,2
BOGOTA,11/25/2018,1
BOLIVAR,11/25/2018,1
BOYACA,11/25/2018,0
CALDAS,11/25/2018,0
CAQUETA,11/25/2018,0
CASANARE,11/25/2018,0
CAUCA,11/25/2018,1
CESAR,11/25/2018,0
CHOCO,11/25/2018,0
CORDOBA,11/25/2018,0
CUNDINAMARCA,11/25/2018,0
EXTERIOR,11/25/2018,0
GUAINIA,11/25/2018,1
HUILA,11/25/2018,0
LA GUAJIRA,11/25/2018,1
MAGDALENA,11/25/2018,0
META,11/25/2018,0
NARIÑO,11/25/2018,1
NORTE SANTANDER,11/25/2018,0
PUTUMAYO,11/25/2018,0
QUINDIO,11/25/2018,0
RISARALDA,11/25/2018,0
SANTANDER,11/25/2018,1
SUCRE,11/25/2018,0
TOLIMA,11/25/2018,1
VALLE DEL CAUCA,11/25/2018,1
VAUPES,11/25/2018,0
VICHADA,11/25/2018,0
ANTIOQUIA,12/2/2018,0
ARAUCA,12/2/2018,0
ATLANTICO,12/2/2018,1
BOGOTA,12/2/2018,1
BOLIVAR,12/2/2018,0
BOYACA,12/2/2018,0
CALDAS,12/2/2018,0
CAQUETA,12/2/2018,0
CASANARE,12/2/2018,0
CAUCA,12/2/2018,0
CESAR,12/2/2018,0
CHOCO,12/2/2018,0
CORDOBA,12/2/2018,1
CUNDINAMARCA,12/2/2018,0
EXTERIOR,12/2/2018,0
GUAINIA,12/2/2018,0
HUILA,12/2/2018,0
LA GUAJIRA,12/2/2018,2
MAGDALENA,12/2/2018,0
META,12/2/2018,0
NARIÑO,12/2/2018,0
NORTE SANTANDER,12/2/2018,0
PUTUMAYO,12/2/2018,1
QUINDIO,12/2/2018,0
RISARALDA,12/2/2018,0
SANTANDER,12/2/2018,0
SUCRE,12/2/2018,0
TOLIMA,12/2/2018,0
VALLE DEL CAUCA,12/2/2018,0
VAUPES,12/2/2018,0
VICHADA,12/2/2018,1
ANTIOQUIA,12/9/2018,2
ARAUCA,12/9/2018,0
ATLANTICO,12/9/2018,2
BOGOTA,12/9/2018,0
BOLIVAR,12/9/2018,2
BOYACA,12/9/2018,0
CALDAS,12/9/2018,0
CAQUETA,12/9/2018,0
CASANARE,12/9/2018,0
CAUCA,12/9/2018,0
CESAR,12/9/2018,0
CHOCO,12/9/2018,0
CORDOBA,12/9/2018,1
CUNDINAMARCA,12/9/2018,1
EXTERIOR,12/9/2018,0
GUAINIA,12/9/2018,1
HUILA,12/9/2018,1
LA GUAJIRA,12/9/2018,2
MAGDALENA,12/9/2018,0
META,12/9/2018,0
NARIÑO,12/9/2018,0
NORTE SANTANDER,12/9/2018,1
PUTUMAYO,12/9/2018,1
QUINDIO,12/9/2018,0
RISARALDA,12/9/2018,0
SANTANDER,12/9/2018,0
SUCRE,12/9/2018,0
TOLIMA,12/9/2018,0
VALLE DEL CAUCA,12/9/2018,0
VAUPES,12/9/2018,0
VICHADA,12/9/2018,0
ANTIOQUIA,12/16/2018,0
ARAUCA,12/16/2018,1
ATLANTICO,12/16/2018,1
BOGOTA,12/16/2018,1
BOLIVAR,12/16/2018,0
BOYACA,12/16/2018,0
CALDAS,12/16/2018,0
CAQUETA,12/16/2018,0
CASANARE,12/16/2018,0
CAUCA,12/16/2018,0
CESAR,12/16/2018,0
CHOCO,12/16/2018,0
CORDOBA,12/16/2018,0
CUNDINAMARCA,12/16/2018,0
EXTERIOR,12/16/2018,0
GUAINIA,12/16/2018,0
HUILA,12/16/2018,0
LA GUAJIRA,12/16/2018,0
MAGDALENA,12/16/2018,0
META,12/16/2018,0
NARIÑO,12/16/2018,0
NORTE SANTANDER,12/16/2018,0
PUTUMAYO,12/16/2018,0
QUINDIO,12/16/2018,0
RISARALDA,12/16/2018,0
SANTANDER,12/16/2018,0
SUCRE,12/16/2018,0
TOLIMA,12/16/2018,0
VALLE DEL CAUCA,12/16/2018,0
VAUPES,12/16/2018,0
VICHADA,12/16/2018,0
ANTIOQUIA,12/23/2018,1
ARAUCA,12/23/2018,1
ATLANTICO,12/23/2018,0
BOGOTA,12/23/2018,0
BOLIVAR,12/23/2018,0
BOYACA,12/23/2018,1
CALDAS,12/23/2018,0
CAQUETA,12/23/2018,0
CASANARE,12/23/2018,0
CAUCA,12/23/2018,0
CESAR,12/23/2018,1
CHOCO,12/23/2018,2
CORDOBA,12/23/2018,0
CUNDINAMARCA,12/23/2018,0
EXTERIOR,12/23/2018,0
GUAINIA,12/23/2018,0
HUILA,12/23/2018,0
LA GUAJIRA,12/23/2018,0
MAGDALENA,12/23/2018,0
META,12/23/2018,0
NARIÑO,12/23/2018,0
NORTE SANTANDER,12/23/2018,0
PUTUMAYO,12/23/2018,0
QUINDIO,12/23/2018,0
RISARALDA,12/23/2018,0
SANTANDER,12/23/2018,1
SUCRE,12/23/2018,0
TOLIMA,12/23/2018,0
VALLE DEL CAUCA,12/23/2018,0
VAUPES,12/23/2018,0
VICHADA,12/23/2018,0
AMAZONAS,12/30/2018,0
ANTIOQUIA,12/30/2018,0
ARAUCA,12/30/2018,0
ATLANTICO,12/30/2018,0
BOGOTA,12/30/2018,0
BOLIVAR,12/30/2018,2
BOYACA,12/30/2018,0
CALDAS,12/30/2018,0
CAQUETA,12/30/2018,0
CASANARE,12/30/2018,0
CAUCA,12/30/2018,0
CESAR,12/30/2018,0
CHOCO,12/30/2018,0
CORDOBA,12/30/2018,0
CUNDINAMARCA,12/30/2018,0
GUAINIA,12/30/2018,0
GUAVIARE,12/30/2018,0
HUILA,12/30/2018,0
LA GUAJIRA,12/30/2018,2
MAGDALENA,12/30/2018,0
META,12/30/2018,0
NARIÑO,12/30/2018,1
NORTE SANTANDER,12/30/2018,0
PUTUMAYO,12/30/2018,0
RISARALDA,12/30/2018,0
SANTANDER,12/30/2018,0
SUCRE,12/30/2018,1
TOLIMA,12/30/2018,1
VALLE DEL CAUCA,12/30/2018,0
VAUPES,12/30/2018,1
VICHADA,12/30/2018,0
AMAZONAS,1/6/2019,0
ANTIOQUIA,1/6/2019,0
ARAUCA,1/6/2019,0
ATLANTICO,1/6/2019,1
BOGOTA,1/6/2019,1
BOLIVAR,1/6/2019,1
BOYACA,1/6/2019,0
CALDAS,1/6/2019,0
CAQUETA,1/6/2019,0
CASANARE,1/6/2019,1
CAUCA,1/6/2019,1
CESAR,1/6/2019,0
CHOCO,1/6/2019,1
CORDOBA,1/6/2019,0
CUNDINAMARCA,1/6/2019,0
GUAINIA,1/6/2019,0
GUAVIARE,1/6/2019,0
HUILA,1/6/2019,0
LA GUAJIRA,1/6/2019,0
MAGDALENA,1/6/2019,0
META,1/6/2019,0
NARIÑO,1/6/2019,0
NORTE SANTANDER,1/6/2019,0
PUTUMAYO,1/6/2019,0
RISARALDA,1/6/2019,0
SANTANDER,1/6/2019,0
SUCRE,1/6/2019,0
TOLIMA,1/6/2019,0
VALLE DEL CAUCA,1/6/2019,1
VAUPES,1/6/2019,0
VICHADA,1/6/2019,0
AMAZONAS,1/13/2019,0
ANTIOQUIA,1/13/2019,0
ARAUCA,1/13/2019,0
ATLANTICO,1/13/2019,0
BOGOTA,1/13/2019,1
BOLIVAR,1/13/2019,0
BOYACA,1/13/2019,0
CALDAS,1/13/2019,0
CAQUETA,1/13/2019,0
CASANARE,1/13/2019,0
CAUCA,1/13/2019,0
CESAR,1/13/2019,1
CHOCO,1/13/2019,0
CORDOBA,1/13/2019,0
CUNDINAMARCA,1/13/2019,0
GUAINIA,1/13/2019,0
GUAVIARE,1/13/2019,0
HUILA,1/13/2019,0
LA GUAJIRA,1/13/2019,0
MAGDALENA,1/13/2019,0
META,1/13/2019,0
NARIÑO,1/13/2019,0
NORTE SANTANDER,1/13/2019,0
PUTUMAYO,1/13/2019,0
RISARALDA,1/13/2019,0
SANTANDER,1/13/2019,0
SUCRE,1/13/2019,0
TOLIMA,1/13/2019,2
VALLE DEL CAUCA,1/13/2019,0
VAUPES,1/13/2019,0
VICHADA,1/13/2019,0
AMAZONAS,1/20/2019,0
ANTIOQUIA,1/20/2019,0
ARAUCA,1/20/2019,0
ATLANTICO,1/20/2019,1
BOGOTA,1/20/2019,2
BOLIVAR,1/20/2019,0
BOYACA,1/20/2019,0
CALDAS,1/20/2019,0
CAQUETA,1/20/2019,0
CASANARE,1/20/2019,0
CAUCA,1/20/2019,0
CESAR,1/20/2019,0
CHOCO,1/20/2019,1
CORDOBA,1/20/2019,0
CUNDINAMARCA,1/20/2019,0
GUAINIA,1/20/2019,0
GUAVIARE,1/20/2019,0
HUILA,1/20/2019,0
LA GUAJIRA,1/20/2019,3
MAGDALENA,1/20/2019,1
META,1/20/2019,0
NARIÑO,1/20/2019,0
NORTE SANTANDER,1/20/2019,0
PUTUMAYO,1/20/2019,0
RISARALDA,1/20/2019,0
SANTANDER,1/20/2019,0
SUCRE,1/20/2019,1
TOLIMA,1/20/2019,0
VALLE DEL CAUCA,1/20/2019,0
VAUPES,1/20/2019,0
VICHADA,1/20/2019,0
AMAZONAS,1/27/2019,0
ANTIOQUIA,1/27/2019,0
ARAUCA,1/27/2019,0
ATLANTICO,1/27/2019,0
BOGOTA,1/27/2019,1
BOLIVAR,1/27/2019,1
BOYACA,1/27/2019,0
CALDAS,1/27/2019,0
CAQUETA,1/27/2019,0
CASANARE,1/27/2019,0
CAUCA,1/27/2019,0
CESAR,1/27/2019,1
CHOCO,1/27/2019,0
CORDOBA,1/27/2019,0
CUNDINAMARCA,1/27/2019,0
GUAINIA,1/27/2019,0
GUAVIARE,1/27/2019,0
HUILA,1/27/2019,0
LA GUAJIRA,1/27/2019,1
MAGDALENA,1/27/2019,1
META,1/27/2019,0
NARIÑO,1/27/2019,0
NORTE SANTANDER,1/27/2019,0
PUTUMAYO,1/27/2019,1
RISARALDA,1/27/2019,0
SANTANDER,1/27/2019,0
SUCRE,1/27/2019,0
TOLIMA,1/27/2019,0
VALLE DEL CAUCA,1/27/2019,1
VAUPES,1/27/2019,0
VICHADA,1/27/2019,0
AMAZONAS,2/3/2019,0
ANTIOQUIA,2/3/2019,2
ARAUCA,2/3/2019,0
ATLANTICO,2/3/2019,0
BOGOTA,2/3/2019,0
BOLIVAR,2/3/2019,0
BOYACA,2/3/2019,0
CALDAS,2/3/2019,0
CAQUETA,2/3/2019,0
CASANARE,2/3/2019,0
CAUCA,2/3/2019,0
CESAR,2/3/2019,1
CHOCO,2/3/2019,0
CORDOBA,2/3/2019,1
CUNDINAMARCA,2/3/2019,0
GUAINIA,2/3/2019,0
GUAVIARE,2/3/2019,0
HUILA,2/3/2019,0
LA GUAJIRA,2/3/2019,1
MAGDALENA,2/3/2019,1
META,2/3/2019,0
NARIÑO,2/3/2019,0
NORTE SANTANDER,2/3/2019,0
PUTUMAYO,2/3/2019,0
RISARALDA,2/3/2019,0
SANTANDER,2/3/2019,0
SUCRE,2/3/2019,0
TOLIMA,2/3/2019,0
VALLE DEL CAUCA,2/3/2019,0
VAUPES,2/3/2019,0
VICHADA,2/3/2019,0
AMAZONAS,2/10/2019,0
ANTIOQUIA,2/10/2019,1
ARAUCA,2/10/2019,0
ATLANTICO,2/10/2019,1
BOGOTA,2/10/2019,0
BOLIVAR,2/10/2019,0
BOYACA,2/10/2019,0
CALDAS,2/10/2019,0
CAQUETA,2/10/2019,0
CASANARE,2/10/2019,0
CAUCA,2/10/2019,0
CESAR,2/10/2019,0
CHOCO,2/10/2019,0
CORDOBA,2/10/2019,1
CUNDINAMARCA,2/10/2019,1
GUAINIA,2/10/2019,0
GUAVIARE,2/10/2019,0
HUILA,2/10/2019,0
LA GUAJIRA,2/10/2019,2
MAGDALENA,2/10/2019,1
META,2/10/2019,0
NARIÑO,2/10/2019,0
NORTE SANTANDER,2/10/2019,0
PUTUMAYO,2/10/2019,0
RISARALDA,2/10/2019,0
SANTANDER,2/10/2019,0
SUCRE,2/10/2019,0
TOLIMA,2/10/2019,0
VALLE DEL CAUCA,2/10/2019,0
VAUPES,2/10/2019,0
VICHADA,2/10/2019,1
AMAZONAS,2/17/2019,0
ANTIOQUIA,2/17/2019,0
ARAUCA,2/17/2019,0
ATLANTICO,2/17/2019,0
BOGOTA,2/17/2019,0
BOLIVAR,2/17/2019,0
BOYACA,2/17/2019,0
CALDAS,2/17/2019,0
CAQUETA,2/17/2019,0
CASANARE,2/17/2019,0
CAUCA,2/17/2019,0
CESAR,2/17/2019,0
CHOCO,2/17/2019,0
CORDOBA,2/17/2019,0
CUNDINAMARCA,2/17/2019,1
GUAINIA,2/17/2019,0
GUAVIARE,2/17/2019,0
HUILA,2/17/2019,0
LA GUAJIRA,2/17/2019,0
MAGDALENA,2/17/2019,0
META,2/17/2019,0
NARIÑO,2/17/2019,1
NORTE SANTANDER,2/17/2019,0
PUTUMAYO,2/17/2019,0
RISARALDA,2/17/2019,0
SANTANDER,2/17/2019,0
SUCRE,2/17/2019,0
TOLIMA,2/17/2019,0
VALLE DEL CAUCA,2/17/2019,1
VAUPES,2/17/2019,0
VICHADA,2/17/2019,0
AMAZONAS,2/24/2019,0
ANTIOQUIA,2/24/2019,0
ARAUCA,2/24/2019,0
ATLANTICO,2/24/2019,1
BOGOTA,2/24/2019,0
BOLIVAR,2/24/2019,0
BOYACA,2/24/2019,0
CALDAS,2/24/2019,1
CAQUETA,2/24/2019,0
CASANARE,2/24/2019,0
CAUCA,2/24/2019,0
CESAR,2/24/2019,0
CHOCO,2/24/2019,0
CORDOBA,2/24/2019,0
CUNDINAMARCA,2/24/2019,0
GUAINIA,2/24/2019,0
GUAVIARE,2/24/2019,0
HUILA,2/24/2019,0
LA GUAJIRA,2/24/2019,0
MAGDALENA,2/24/2019,0
META,2/24/2019,0
NARIÑO,2/24/2019,0
NORTE SANTANDER,2/24/2019,0
PUTUMAYO,2/24/2019,0
RISARALDA,2/24/2019,0
SANTANDER,2/24/2019,0
SUCRE,2/24/2019,0
TOLIMA,2/24/2019,0
VALLE DEL CAUCA,2/24/2019,1
VAUPES,2/24/2019,0
VICHADA,2/24/2019,0
AMAZONAS,3/3/2019,0
ANTIOQUIA,3/3/2019,0
ARAUCA,3/3/2019,0
ATLANTICO,3/3/2019,0
BOGOTA,3/3/2019,1
BOLIVAR,3/3/2019,0
BOYACA,3/3/2019,0
CALDAS,3/3/2019,0
CAQUETA,3/3/2019,0
CASANARE,3/3/2019,0
CAUCA,3/3/2019,1
CESAR,3/3/2019,0
CHOCO,3/3/2019,1
CORDOBA,3/3/2019,1
CUNDINAMARCA,3/3/2019,0
GUAINIA,3/3/2019,0
GUAVIARE,3/3/2019,0
HUILA,3/3/2019,0
LA GUAJIRA,3/3/2019,0
MAGDALENA,3/3/2019,0
META,3/3/2019,0
NARIÑO,3/3/2019,0
NORTE SANTANDER,3/3/2019,1
PUTUMAYO,3/3/2019,0
RISARALDA,3/3/2019,2
SANTANDER,3/3/2019,0
SUCRE,3/3/2019,0
TOLIMA,3/3/2019,0
VALLE DEL CAUCA,3/3/2019,0
VAUPES,3/3/2019,0
VICHADA,3/3/2019,0
AMAZONAS,3/10/2019,0
ANTIOQUIA,3/10/2019,0
ARAUCA,3/10/2019,0
ATLANTICO,3/10/2019,0
BOGOTA,3/10/2019,0
BOLIVAR,3/10/2019,0
BOYACA,3/10/2019,0
CALDAS,3/10/2019,0
CAQUETA,3/10/2019,0
CASANARE,3/10/2019,0
CAUCA,3/10/2019,0
CESAR,3/10/2019,0
CHOCO,3/10/2019,0
CORDOBA,3/10/2019,0
CUNDINAMARCA,3/10/2019,1
GUAINIA,3/10/2019,0
GUAVIARE,3/10/2019,0
HUILA,3/10/2019,0
LA GUAJIRA,3/10/2019,2
MAGDALENA,3/10/2019,0
META,3/10/2019,0
NARIÑO,3/10/2019,0
NORTE SANTANDER,3/10/2019,0
PUTUMAYO,3/10/2019,0
RISARALDA,3/10/2019,0
SANTANDER,3/10/2019,0
SUCRE,3/10/2019,0
TOLIMA,3/10/2019,0
VALLE DEL CAUCA,3/10/2019,1
VAUPES,3/10/2019,0
VICHADA,3/10/2019,0
AMAZONAS,3/17/2019,0
ANTIOQUIA,3/17/2019,0
ARAUCA,3/17/2019,0
ATLANTICO,3/17/2019,1
BOGOTA,3/17/2019,2
BOLIVAR,3/17/2019,0
BOYACA,3/17/2019,0
CALDAS,3/17/2019,0
CAQUETA,3/17/2019,0
CASANARE,3/17/2019,0
CAUCA,3/17/2019,0
CESAR,3/17/2019,0
CHOCO,3/17/2019,0
CORDOBA,3/17/2019,1
CUNDINAMARCA,3/17/2019,2
GUAINIA,3/17/2019,0
GUAVIARE,3/17/2019,0
HUILA,3/17/2019,0
LA GUAJIRA,3/17/2019,2
MAGDALENA,3/17/2019,0
META,3/17/2019,0
NARIÑO,3/17/2019,0
NORTE SANTANDER,3/17/2019,1
PUTUMAYO,3/17/2019,0
RISARALDA,3/17/2019,0
SANTANDER,3/17/2019,0
SUCRE,3/17/2019,0
TOLIMA,3/17/2019,0
VALLE DEL CAUCA,3/17/2019,0
VAUPES,3/17/2019,0
VICHADA,3/17/2019,0
AMAZONAS,3/24/2019,0
ANTIOQUIA,3/24/2019,1
ARAUCA,3/24/2019,0
ATLANTICO,3/24/2019,0
BOGOTA,3/24/2019,0
BOLIVAR,3/24/2019,1
BOYACA,3/24/2019,0
CALDAS,3/24/2019,0
CAQUETA,3/24/2019,0
CASANARE,3/24/2019,0
CAUCA,3/24/2019,1
CESAR,3/24/2019,1
CHOCO,3/24/2019,0
CORDOBA,3/24/2019,0
CUNDINAMARCA,3/24/2019,0
GUAINIA,3/24/2019,0
GUAVIARE,3/24/2019,0
HUILA,3/24/2019,0
LA GUAJIRA,3/24/2019,0
MAGDALENA,3/24/2019,0
META,3/24/2019,1
NARIÑO,3/24/2019,0
NORTE SANTANDER,3/24/2019,0
PUTUMAYO,3/24/2019,0
RISARALDA,3/24/2019,0
SANTANDER,3/24/2019,0
SUCRE,3/24/2019,0
TOLIMA,3/24/2019,0
VALLE DEL CAUCA,3/24/2019,0
VAUPES,3/24/2019,0
VICHADA,3/24/2019,0
AMAZONAS,3/31/2019,0
ANTIOQUIA,3/31/2019,0
ARAUCA,3/31/2019,0
ATLANTICO,3/31/2019,0
BOGOTA,3/31/2019,1
BOLIVAR,3/31/2019,0
BOYACA,3/31/2019,0
CALDAS,3/31/2019,0
CAQUETA,3/31/2019,0
CASANARE,3/31/2019,0
CAUCA,3/31/2019,0
CESAR,3/31/2019,0
CHOCO,3/31/2019,1
CORDOBA,3/31/2019,0
CUNDINAMARCA,3/31/2019,0
GUAINIA,3/31/2019,0
GUAVIARE,3/31/2019,0
HUILA,3/31/2019,0
LA GUAJIRA,3/31/2019,1
MAGDALENA,3/31/2019,0
META,3/31/2019,0
NARIÑO,3/31/2019,1
NORTE SANTANDER,3/31/2019,0
PUTUMAYO,3/31/2019,0
RISARALDA,3/31/2019,0
SANTANDER,3/31/2019,0
SUCRE,3/31/2019,0
TOLIMA,3/31/2019,0
VALLE DEL CAUCA,3/31/2019,0
VAUPES,3/31/2019,0
VICHADA,3/31/2019,0
AMAZONAS,4/7/2019,0
ANTIOQUIA,4/7/2019,0
ARAUCA,4/7/2019,0
ATLANTICO,4/7/2019,0
BOGOTA,4/7/2019,0
BOLIVAR,4/7/2019,0
BOYACA,4/7/2019,0
CALDAS,4/7/2019,0
CAQUETA,4/7/2019,0
CASANARE,4/7/2019,0
CAUCA,4/7/2019,0
CESAR,4/7/2019,0
CHOCO,4/7/2019,0
CORDOBA,4/7/2019,1
CUNDINAMARCA,4/7/2019,0
GUAINIA,4/7/2019,0
GUAVIARE,4/7/2019,1
HUILA,4/7/2019,0
LA GUAJIRA,4/7/2019,0
MAGDALENA,4/7/2019,0
META,4/7/2019,1
NARIÑO,4/7/2019,0
NORTE SANTANDER,4/7/2019,0
PUTUMAYO,4/7/2019,0
RISARALDA,4/7/2019,0
SANTANDER,4/7/2019,0
SUCRE,4/7/2019,0
TOLIMA,4/7/2019,0
VALLE DEL CAUCA,4/7/2019,0
VAUPES,4/7/2019,0
VICHADA,4/7/2019,0
AMAZONAS,4/14/2019,0
ANTIOQUIA,4/14/2019,0
ARAUCA,4/14/2019,0
ATLANTICO,4/14/2019,0
BOGOTA,4/14/2019,1
BOLIVAR,4/14/2019,0
BOYACA,4/14/2019,0
CALDAS,4/14/2019,0
CAQUETA,4/14/2019,0
CASANARE,4/14/2019,0
CAUCA,4/14/2019,0
CESAR,4/14/2019,0
CHOCO,4/14/2019,0
CORDOBA,4/14/2019,1
CUNDINAMARCA,4/14/2019,0
GUAINIA,4/14/2019,0
GUAVIARE,4/14/2019,0
HUILA,4/14/2019,0
LA GUAJIRA,4/14/2019,0
MAGDALENA,4/14/2019,2
META,4/14/2019,0
NARIÑO,4/14/2019,0
NORTE SANTANDER,4/14/2019,0
PUTUMAYO,4/14/2019,0
RISARALDA,4/14/2019,0
SANTANDER,4/14/2019,0
SUCRE,4/14/2019,0
TOLIMA,4/14/2019,0
VALLE DEL CAUCA,4/14/2019,1
VAUPES,4/14/2019,0
VICHADA,4/14/2019,0
AMAZONAS,4/21/2019,0
ANTIOQUIA,4/21/2019,0
ARAUCA,4/21/2019,0
ATLANTICO,4/21/2019,0
BOGOTA,4/21/2019,0
BOLIVAR,4/21/2019,0
BOYACA,4/21/2019,0
CALDAS,4/21/2019,0
CAQUETA,4/21/2019,0
CASANARE,4/21/2019,0
CAUCA,4/21/2019,0
CESAR,4/21/2019,1
CHOCO,4/21/2019,0
CORDOBA,4/21/2019,0
CUNDINAMARCA,4/21/2019,0
GUAINIA,4/21/2019,0
GUAVIARE,4/21/2019,0
HUILA,4/21/2019,0
LA GUAJIRA,4/21/2019,1
MAGDALENA,4/21/2019,1
META,4/21/2019,0
NARIÑO,4/21/2019,0
NORTE SANTANDER,4/21/2019,0
PUTUMAYO,4/21/2019,1
RISARALDA,4/21/2019,0
SANTANDER,4/21/2019,0
SUCRE,4/21/2019,0
TOLIMA,4/21/2019,0
VALLE DEL CAUCA,4/21/2019,0
VAUPES,4/21/2019,0
VICHADA,4/21/2019,0
AMAZONAS,4/28/2019,0
ANTIOQUIA,4/28/2019,1
ARAUCA,4/28/2019,0
ATLANTICO,4/28/2019,0
BOGOTA,4/28/2019,0
BOLIVAR,4/28/2019,0
BOYACA,4/28/2019,1
CALDAS,4/28/2019,0
CAQUETA,4/28/2019,0
CASANARE,4/28/2019,0
CAUCA,4/28/2019,0
CESAR,4/28/2019,1
CHOCO,4/28/2019,0
CORDOBA,4/28/2019,0
CUNDINAMARCA,4/28/2019,0
GUAINIA,4/28/2019,0
GUAVIARE,4/28/2019,0
HUILA,4/28/2019,0
LA GUAJIRA,4/28/2019,1
MAGDALENA,4/28/2019,0
META,4/28/2019,0
NARIÑO,4/28/2019,0
NORTE SANTANDER,4/28/2019,0
PUTUMAYO,4/28/2019,0
RISARALDA,4/28/2019,0
SANTANDER,4/28/2019,0
SUCRE,4/28/2019,0
TOLIMA,4/28/2019,1
VALLE DEL CAUCA,4/28/2019,0
VAUPES,4/28/2019,0
VICHADA,4/28/2019,0
AMAZONAS,5/5/2019,0
ANTIOQUIA,5/5/2019,0
ARAUCA,5/5/2019,0
ATLANTICO,5/5/2019,1
BOGOTA,5/5/2019,0
BOLIVAR,5/5/2019,2
BOYACA,5/5/2019,0
CALDAS,5/5/2019,0
CAQUETA,5/5/2019,0
CASANARE,5/5/2019,0
CAUCA,5/5/2019,0
CESAR,5/5/2019,0
CHOCO,5/5/2019,1
CORDOBA,5/5/2019,0
CUNDINAMARCA,5/5/2019,0
GUAINIA,5/5/2019,0
GUAVIARE,5/5/2019,0
HUILA,5/5/2019,0
LA GUAJIRA,5/5/2019,1
MAGDALENA,5/5/2019,0
META,5/5/2019,0
NARIÑO,5/5/2019,1
NORTE SANTANDER,5/5/2019,0
PUTUMAYO,5/5/2019,0
RISARALDA,5/5/2019,0
SANTANDER,5/5/2019,0
SUCRE,5/5/2019,0
TOLIMA,5/5/2019,0
VALLE DEL CAUCA,5/5/2019,1
VAUPES,5/5/2019,0
VICHADA,5/5/2019,0
AMAZONAS,5/12/2019,0
ANTIOQUIA,5/12/2019,0
ARAUCA,5/12/2019,0
ATLANTICO,5/12/2019,2
BOGOTA,5/12/2019,0
BOLIVAR,5/12/2019,0
BOYACA,5/12/2019,0
CALDAS,5/12/2019,0
CAQUETA,5/12/2019,0
CASANARE,5/12/2019,0
CAUCA,5/12/2019,0
CESAR,5/12/2019,0
CHOCO,5/12/2019,0
CORDOBA,5/12/2019,0
CUNDINAMARCA,5/12/2019,0
GUAINIA,5/12/2019,0
GUAVIARE,5/12/2019,0
HUILA,5/12/2019,0
LA GUAJIRA,5/12/2019,0
MAGDALENA,5/12/2019,0
META,5/12/2019,0
NARIÑO,5/12/2019,0
NORTE SANTANDER,5/12/2019,3
PUTUMAYO,5/12/2019,0
RISARALDA,5/12/2019,0
SANTANDER,5/12/2019,0
SUCRE,5/12/2019,0
TOLIMA,5/12/2019,0
VALLE DEL CAUCA,5/12/2019,1
VAUPES,5/12/2019,0
VICHADA,5/12/2019,0
AMAZONAS,5/19/2019,0
ANTIOQUIA,5/19/2019,0
ARAUCA,5/19/2019,0
ATLANTICO,5/19/2019,1
BOGOTA,5/19/2019,1
BOLIVAR,5/19/2019,2
BOYACA,5/19/2019,0
CALDAS,5/19/2019,0
CAQUETA,5/19/2019,0
CASANARE,5/19/2019,0
CAUCA,5/19/2019,0
CESAR,5/19/2019,0
CHOCO,5/19/2019,0
CORDOBA,5/19/2019,0
CUNDINAMARCA,5/19/2019,0
GUAINIA,5/19/2019,0
GUAVIARE,5/19/2019,0
HUILA,5/19/2019,0
LA GUAJIRA,5/19/2019,0
MAGDALENA,5/19/2019,0
META,5/19/2019,0
NARIÑO,5/19/2019,0
NORTE SANTANDER,5/19/2019,0
PUTUMAYO,5/19/2019,0
RISARALDA,5/19/2019,0
SANTANDER,5/19/2019,0
SUCRE,5/19/2019,0
TOLIMA,5/19/2019,0
VALLE DEL CAUCA,5/19/2019,0
VAUPES,5/19/2019,0
VICHADA,5/19/2019,1
AMAZONAS,5/26/2019,0
ANTIOQUIA,5/26/2019,1
ARAUCA,5/26/2019,0
ATLANTICO,5/26/2019,2
BOGOTA,5/26/2019,0
BOLIVAR,5/26/2019,0
BOYACA,5/26/2019,0
CALDAS,5/26/2019,0
CAQUETA,5/26/2019,0
CASANARE,5/26/2019,0
CAUCA,5/26/2019,0
CESAR,5/26/2019,0
CHOCO,5/26/2019,0
CORDOBA,5/26/2019,0
CUNDINAMARCA,5/26/2019,0
GUAINIA,5/26/2019,0
GUAVIARE,5/26/2019,0
HUILA,5/26/2019,0
LA GUAJIRA,5/26/2019,0
MAGDALENA,5/26/2019,0
META,5/26/2019,0
NARIÑO,5/26/2019,0
NORTE SANTANDER,5/26/2019,0
PUTUMAYO,5/26/2019,0
RISARALDA,5/26/2019,0
SANTANDER,5/26/2019,0
SUCRE,5/26/2019,0
TOLIMA,5/26/2019,0
VALLE DEL CAUCA,5/26/2019,0
VAUPES,5/26/2019,0
VICHADA,5/26/2019,0
AMAZONAS,6/2/2019,0
ANTIOQUIA,6/2/2019,1
ARAUCA,6/2/2019,0
ATLANTICO,6/2/2019,0
BOGOTA,6/2/2019,0
BOLIVAR,6/2/2019,1
BOYACA,6/2/2019,0
CALDAS,6/2/2019,0
CAQUETA,6/2/2019,0
CASANARE,6/2/2019,0
CAUCA,6/2/2019,0
CESAR,6/2/2019,0
CHOCO,6/2/2019,0
CORDOBA,6/2/2019,0
CUNDINAMARCA,6/2/2019,0
GUAINIA,6/2/2019,0
GUAVIARE,6/2/2019,0
HUILA,6/2/2019,0
LA GUAJIRA,6/2/2019,0
MAGDALENA,6/2/2019,0
META,6/2/2019,0
NARIÑO,6/2/2019,0
NORTE SANTANDER,6/2/2019,0
PUTUMAYO,6/2/2019,0
RISARALDA,6/2/2019,0
SANTANDER,6/2/2019,0
SUCRE,6/2/2019,1
TOLIMA,6/2/2019,0
VALLE DEL CAUCA,6/2/2019,1
VAUPES,6/2/2019,0
VICHADA,6/2/2019,0
AMAZONAS,6/9/2019,0
ANTIOQUIA,6/9/2019,0
ARAUCA,6/9/2019,0
ATLANTICO,6/9/2019,0
BOGOTA,6/9/2019,0
BOLIVAR,6/9/2019,0
BOYACA,6/9/2019,0
CALDAS,6/9/2019,0
CAQUETA,6/9/2019,0
CASANARE,6/9/2019,0
CAUCA,6/9/2019,0
CESAR,6/9/2019,0
CHOCO,6/9/2019,0
CORDOBA,6/9/2019,0
CUNDINAMARCA,6/9/2019,0
GUAINIA,6/9/2019,0
GUAVIARE,6/9/2019,0
HUILA,6/9/2019,0
LA GUAJIRA,6/9/2019,0
MAGDALENA,6/9/2019,1
META,6/9/2019,0
NARIÑO,6/9/2019,0
NORTE SANTANDER,6/9/2019,0
PUTUMAYO,6/9/2019,0
RISARALDA,6/9/2019,0
SANTANDER,6/9/2019,0
SUCRE,6/9/2019,1
TOLIMA,6/9/2019,0
VALLE DEL CAUCA,6/9/2019,2
VAUPES,6/9/2019,0
VICHADA,6/9/2019,0
AMAZONAS,6/16/2019,0
ANTIOQUIA,6/16/2019,0
ARAUCA,6/16/2019,0
ATLANTICO,6/16/2019,0
BOGOTA,6/16/2019,0
BOLIVAR,6/16/2019,0
BOYACA,6/16/2019,0
CALDAS,6/16/2019,0
CAQUETA,6/16/2019,0
CASANARE,6/16/2019,0
CAUCA,6/16/2019,0
CESAR,6/16/2019,0
CHOCO,6/16/2019,0
CORDOBA,6/16/2019,0
CUNDINAMARCA,6/16/2019,1
GUAINIA,6/16/2019,0
GUAVIARE,6/16/2019,0
HUILA,6/16/2019,0
LA GUAJIRA,6/16/2019,0
MAGDALENA,6/16/2019,0
META,6/16/2019,0
NARIÑO,6/16/2019,0
NORTE SANTANDER,6/16/2019,0
PUTUMAYO,6/16/2019,0
RISARALDA,6/16/2019,0
SANTANDER,6/16/2019,0
SUCRE,6/16/2019,0
TOLIMA,6/16/2019,0
VALLE DEL CAUCA,6/16/2019,1
VAUPES,6/16/2019,0
VICHADA,6/16/2019,0
AMAZONAS,6/23/2019,0
ANTIOQUIA,6/23/2019,1
ARAUCA,6/23/2019,0
ATLANTICO,6/23/2019,0
BOGOTA,6/23/2019,1
BOLIVAR,6/23/2019,0
BOYACA,6/23/2019,0
CALDAS,6/23/2019,0
CAQUETA,6/23/2019,0
CASANARE,6/23/2019,0
CAUCA,6/23/2019,1
CESAR,6/23/2019,0
CHOCO,6/23/2019,0
CORDOBA,6/23/2019,0
CUNDINAMARCA,6/23/2019,0
GUAINIA,6/23/2019,0
GUAVIARE,6/23/2019,0
HUILA,6/23/2019,0
LA GUAJIRA,6/23/2019,1
MAGDALENA,6/23/2019,0
META,6/23/2019,0
NARIÑO,6/23/2019,1
NORTE SANTANDER,6/23/2019,0
PUTUMAYO,6/23/2019,0
RISARALDA,6/23/2019,0
SANTANDER,6/23/2019,0
SUCRE,6/23/2019,0
TOLIMA,6/23/2019,0
VALLE DEL CAUCA,6/23/2019,0
VAUPES,6/23/2019,0
VICHADA,6/23/2019,0
AMAZONAS,6/30/2019,0
ANTIOQUIA,6/30/2019,0
ARAUCA,6/30/2019,0
ATLANTICO,6/30/2019,1
BOGOTA,6/30/2019,0
BOLIVAR,6/30/2019,1
BOYACA,6/30/2019,0
CALDAS,6/30/2019,0
CAQUETA,6/30/2019,0
CASANARE,6/30/2019,0
CAUCA,6/30/2019,0
CESAR,6/30/2019,0
CHOCO,6/30/2019,0
CORDOBA,6/30/2019,0
CUNDINAMARCA,6/30/2019,0
GUAINIA,6/30/2019,0
GUAVIARE,6/30/2019,0
HUILA,6/30/2019,0
LA GUAJIRA,6/30/2019,0
MAGDALENA,6/30/2019,0
META,6/30/2019,1
NARIÑO,6/30/2019,0
NORTE SANTANDER,6/30/2019,0
PUTUMAYO,6/30/2019,0
RISARALDA,6/30/2019,0
SANTANDER,6/30/2019,0
SUCRE,6/30/2019,0
TOLIMA,6/30/2019,0
VALLE DEL CAUCA,6/30/2019,2
VAUPES,6/30/2019,0
VICHADA,6/30/2019,0
AMAZONAS,7/7/2019,0
ANTIOQUIA,7/7/2019,0
ARAUCA,7/7/2019,0
ATLANTICO,7/7/2019,3
BOGOTA,7/7/2019,0
BOLIVAR,7/7/2019,1
BOYACA,7/7/2019,1
CALDAS,7/7/2019,0
CAQUETA,7/7/2019,0
CASANARE,7/7/2019,0
CAUCA,7/7/2019,0
CESAR,7/7/2019,0
CHOCO,7/7/2019,0
CORDOBA,7/7/2019,0
CUNDINAMARCA,7/7/2019,0
GUAINIA,7/7/2019,0
GUAVIARE,7/7/2019,0
HUILA,7/7/2019,0
LA GUAJIRA,7/7/2019,1
MAGDALENA,7/7/2019,0
META,7/7/2019,0
NARIÑO,7/7/2019,0
NORTE SANTANDER,7/7/2019,0
PUTUMAYO,7/7/2019,0
RISARALDA,7/7/2019,0
SANTANDER,7/7/2019,0
SUCRE,7/7/2019,0
TOLIMA,7/7/2019,0
VALLE DEL CAUCA,7/7/2019,1
VAUPES,7/7/2019,0
VICHADA,7/7/2019,0
AMAZONAS,7/14/2019,0
ANTIOQUIA,7/14/2019,1
ARAUCA,7/14/2019,0
ATLANTICO,7/14/2019,0
BOGOTA,7/14/2019,0
BOLIVAR,7/14/2019,0
BOYACA,7/14/2019,0
CALDAS,7/14/2019,0
CAQUETA,7/14/2019,0
CASANARE,7/14/2019,0
CAUCA,7/14/2019,0
CESAR,7/14/2019,0
CHOCO,7/14/2019,0
CORDOBA,7/14/2019,0
CUNDINAMARCA,7/14/2019,0
GUAINIA,7/14/2019,0
GUAVIARE,7/14/2019,0
HUILA,7/14/2019,0
LA GUAJIRA,7/14/2019,0
MAGDALENA,7/14/2019,1
META,7/14/2019,0
NARIÑO,7/14/2019,0
NORTE SANTANDER,7/14/2019,0
PUTUMAYO,7/14/2019,0
RISARALDA,7/14/2019,0
SANTANDER,7/14/2019,0
SUCRE,7/14/2019,0
TOLIMA,7/14/2019,1
VALLE DEL CAUCA,7/14/2019,0
VAUPES,7/14/2019,0
VICHADA,7/14/2019,0
AMAZONAS,7/21/2019,0
ANTIOQUIA,7/21/2019,3
ARAUCA,7/21/2019,0
ATLANTICO,7/21/2019,1
BOGOTA,7/21/2019,0
BOLIVAR,7/21/2019,0
BOYACA,7/21/2019,0
CALDAS,7/21/2019,0
CAQUETA,7/21/2019,0
CASANARE,7/21/2019,0
CAUCA,7/21/2019,1
CESAR,7/21/2019,0
CHOCO,7/21/2019,0
CORDOBA,7/21/2019,1
CUNDINAMARCA,7/21/2019,1
GUAINIA,7/21/2019,0
GUAVIARE,7/21/2019,0
HUILA,7/21/2019,1
LA GUAJIRA,7/21/2019,0
MAGDALENA,7/21/2019,2
META,7/21/2019,0
NARIÑO,7/21/2019,0
NORTE SANTANDER,7/21/2019,1
PUTUMAYO,7/21/2019,0
RISARALDA,7/21/2019,0
SANTANDER,7/21/2019,0
SUCRE,7/21/2019,0
TOLIMA,7/21/2019,0
VALLE DEL CAUCA,7/21/2019,1
VAUPES,7/21/2019,0
VICHADA,7/21/2019,1
AMAZONAS,7/28/2019,0
ANTIOQUIA,7/28/2019,2
ARAUCA,7/28/2019,0
ATLANTICO,7/28/2019,0
BOGOTA,7/28/2019,0
BOLIVAR,7/28/2019,0
BOYACA,7/28/2019,0
CALDAS,7/28/2019,0
CAQUETA,7/28/2019,0
CASANARE,7/28/2019,0
CAUCA,7/28/2019,1
CESAR,7/28/2019,0
CHOCO,7/28/2019,0
CORDOBA,7/28/2019,0
CUNDINAMARCA,7/28/2019,0
GUAINIA,7/28/2019,0
GUAVIARE,7/28/2019,0
HUILA,7/28/2019,1
LA GUAJIRA,7/28/2019,0
MAGDALENA,7/28/2019,0
META,7/28/2019,0
NARIÑO,7/28/2019,0
NORTE SANTANDER,7/28/2019,1
PUTUMAYO,7/28/2019,0
RISARALDA,7/28/2019,0
SANTANDER,7/28/2019,0
SUCRE,7/28/2019,1
TOLIMA,7/28/2019,0
VALLE DEL CAUCA,7/28/2019,1
VAUPES,7/28/2019,0
VICHADA,7/28/2019,0
AMAZONAS,8/4/2019,0
ANTIOQUIA,8/4/2019,2
ARAUCA,8/4/2019,0
ATLANTICO,8/4/2019,0
BOGOTA,8/4/2019,1
BOLIVAR,8/4/2019,0
BOYACA,8/4/2019,0
CALDAS,8/4/2019,0
CAQUETA,8/4/2019,1
CASANARE,8/4/2019,0
CAUCA,8/4/2019,0
CESAR,8/4/2019,0
CHOCO,8/4/2019,0
CORDOBA,8/4/2019,0
CUNDINAMARCA,8/4/2019,0
GUAINIA,8/4/2019,0
GUAVIARE,8/4/2019,0
HUILA,8/4/2019,0
LA GUAJIRA,8/4/2019,0
MAGDALENA,8/4/2019,0
META,8/4/2019,0
NARIÑO,8/4/2019,0
NORTE SANTANDER,8/4/2019,0
PUTUMAYO,8/4/2019,0
RISARALDA,8/4/2019,0
SANTANDER,8/4/2019,0
SUCRE,8/4/2019,0
TOLIMA,8/4/2019,0
VALLE DEL CAUCA,8/4/2019,1
VAUPES,8/4/2019,0
VICHADA,8/4/2019,0
AMAZONAS,8/11/2019,0
ANTIOQUIA,8/11/2019,0
ARAUCA,8/11/2019,0
ATLANTICO,8/11/2019,0
BOGOTA,8/11/2019,0
BOLIVAR,8/11/2019,0
BOYACA,8/11/2019,0
CALDAS,8/11/2019,0
CAQUETA,8/11/2019,0
CASANARE,8/11/2019,0
CAUCA,8/11/2019,0
CESAR,8/11/2019,0
CHOCO,8/11/2019,0
CORDOBA,8/11/2019,1
CUNDINAMARCA,8/11/2019,1
GUAINIA,8/11/2019,0
GUAVIARE,8/11/2019,0
HUILA,8/11/2019,0
LA GUAJIRA,8/11/2019,0
MAGDALENA,8/11/2019,0
META,8/11/2019,0
NARIÑO,8/11/2019,0
NORTE SANTANDER,8/11/2019,0
PUTUMAYO,8/11/2019,0
RISARALDA,8/11/2019,0
SANTANDER,8/11/2019,0
SUCRE,8/11/2019,1
TOLIMA,8/11/2019,0
VALLE DEL CAUCA,8/11/2019,1
VAUPES,8/11/2019,0
VICHADA,8/11/2019,1
AMAZONAS,8/18/2019,0
ANTIOQUIA,8/18/2019,0
ARAUCA,8/18/2019,0
ATLANTICO,8/18/2019,0
BOGOTA,8/18/2019,0
BOLIVAR,8/18/2019,0
BOYACA,8/18/2019,1
CALDAS,8/18/2019,0
CAQUETA,8/18/2019,0
CASANARE,8/18/2019,0
CAUCA,8/18/2019,0
CESAR,8/18/2019,0
CHOCO,8/18/2019,0
CORDOBA,8/18/2019,0
CUNDINAMARCA,8/18/2019,0
GUAINIA,8/18/2019,0
GUAVIARE,8/18/2019,0
HUILA,8/18/2019,0
LA GUAJIRA,8/18/2019,0
MAGDALENA,8/18/2019,1
META,8/18/2019,0
NARIÑO,8/18/2019,0
NORTE SANTANDER,8/18/2019,0
PUTUMAYO,8/18/2019,0
RISARALDA,8/18/2019,0
SANTANDER,8/18/2019,0
SUCRE,8/18/2019,0
TOLIMA,8/18/2019,0
VALLE DEL CAUCA,8/18/2019,0
VAUPES,8/18/2019,0
VICHADA,8/18/2019,0
AMAZONAS,8/25/2019,0
ANTIOQUIA,8/25/2019,0
ARAUCA,8/25/2019,0
ATLANTICO,8/25/2019,1
BOGOTA,8/25/2019,1
BOLIVAR,8/25/2019,1
BOYACA,8/25/2019,0
CALDAS,8/25/2019,0
CAQUETA,8/25/2019,0
CASANARE,8/25/2019,0
CAUCA,8/25/2019,0
CESAR,8/25/2019,1
CHOCO,8/25/2019,0
CORDOBA,8/25/2019,1
CUNDINAMARCA,8/25/2019,0
GUAINIA,8/25/2019,0
GUAVIARE,8/25/2019,0
HUILA,8/25/2019,0
LA GUAJIRA,8/25/2019,0
MAGDALENA,8/25/2019,0
META,8/25/2019,0
NARIÑO,8/25/2019,0
NORTE SANTANDER,8/25/2019,0
PUTUMAYO,8/25/2019,0
RISARALDA,8/25/2019,0
SANTANDER,8/25/2019,0
SUCRE,8/25/2019,0
TOLIMA,8/25/2019,0
VALLE DEL CAUCA,8/25/2019,0
VAUPES,8/25/2019,0
VICHADA,8/25/2019,0
AMAZONAS,9/1/2019,0
ANTIOQUIA,9/1/2019,0
ARAUCA,9/1/2019,0
ATLANTICO,9/1/2019,0
BOGOTA,9/1/2019,0
BOLIVAR,9/1/2019,0
BOYACA,9/1/2019,0
CALDAS,9/1/2019,0
CAQUETA,9/1/2019,0
CASANARE,9/1/2019,0
CAUCA,9/1/2019,0
CESAR,9/1/2019,0
CHOCO,9/1/2019,0
CORDOBA,9/1/2019,0
CUNDINAMARCA,9/1/2019,0
GUAINIA,9/1/2019,0
GUAVIARE,9/1/2019,0
HUILA,9/1/2019,0
LA GUAJIRA,9/1/2019,0
MAGDALENA,9/1/2019,1
META,9/1/2019,0
NARIÑO,9/1/2019,0
NORTE SANTANDER,9/1/2019,0
PUTUMAYO,9/1/2019,0
RISARALDA,9/1/2019,0
SANTANDER,9/1/2019,0
SUCRE,9/1/2019,0
TOLIMA,9/1/2019,0
VALLE DEL CAUCA,9/1/2019,0
VAUPES,9/1/2019,0
VICHADA,9/1/2019,0
AMAZONAS,9/8/2019,0
ANTIOQUIA,9/8/2019,0
ARAUCA,9/8/2019,0
ATLANTICO,9/8/2019,0
BOGOTA,9/8/2019,1
BOLIVAR,9/8/2019,0
BOYACA,9/8/2019,0
CALDAS,9/8/2019,0
CAQUETA,9/8/2019,0
CASANARE,9/8/2019,0
CAUCA,9/8/2019,0
CESAR,9/8/2019,0
CHOCO,9/8/2019,0
CORDOBA,9/8/2019,0
CUNDINAMARCA,9/8/2019,0
GUAINIA,9/8/2019,0
GUAVIARE,9/8/2019,0
HUILA,9/8/2019,0
LA GUAJIRA,9/8/2019,0
MAGDALENA,9/8/2019,1
META,9/8/2019,0
NARIÑO,9/8/2019,0
NORTE SANTANDER,9/8/2019,2
PUTUMAYO,9/8/2019,0
RISARALDA,9/8/2019,1
SANTANDER,9/8/2019,0
SUCRE,9/8/2019,0
TOLIMA,9/8/2019,0
VALLE DEL CAUCA,9/8/2019,1
VAUPES,9/8/2019,0
VICHADA,9/8/2019,0
AMAZONAS,9/15/2019,0
ANTIOQUIA,9/15/2019,1
ARAUCA,9/15/2019,1
ATLANTICO,9/15/2019,0
BOGOTA,9/15/2019,0
BOLIVAR,9/15/2019,0
BOYACA,9/15/2019,0
CALDAS,9/15/2019,0
CAQUETA,9/15/2019,0
CASANARE,9/15/2019,0
CAUCA,9/15/2019,0
CESAR,9/15/2019,0
CHOCO,9/15/2019,0
CORDOBA,9/15/2019,0
CUNDINAMARCA,9/15/2019,1
GUAINIA,9/15/2019,0
GUAVIARE,9/15/2019,0
HUILA,9/15/2019,1
LA GUAJIRA,9/15/2019,0
MAGDALENA,9/15/2019,0
META,9/15/2019,0
NARIÑO,9/15/2019,0
NORTE SANTANDER,9/15/2019,1
PUTUMAYO,9/15/2019,0
RISARALDA,9/15/2019,0
SANTANDER,9/15/2019,1
SUCRE,9/15/2019,1
TOLIMA,9/15/2019,0
VALLE DEL CAUCA,9/15/2019,0
VAUPES,9/15/2019,0
VICHADA,9/15/2019,0
AMAZONAS,9/22/2019,0
ANTIOQUIA,9/22/2019,0
ARAUCA,9/22/2019,0
ATLANTICO,9/22/2019,1
BOGOTA,9/22/2019,1
BOLIVAR,9/22/2019,0
BOYACA,9/22/2019,0
CALDAS,9/22/2019,0
CAQUETA,9/22/2019,0
CASANARE,9/22/2019,0
CAUCA,9/22/2019,1
CESAR,9/22/2019,0
CHOCO,9/22/2019,0
CORDOBA,9/22/2019,0
CUNDINAMARCA,9/22/2019,2
GUAINIA,9/22/2019,0
GUAVIARE,9/22/2019,0
HUILA,9/22/2019,0
LA GUAJIRA,9/22/2019,0
MAGDALENA,9/22/2019,1
META,9/22/2019,0
NARIÑO,9/22/2019,1
NORTE SANTANDER,9/22/2019,0
PUTUMAYO,9/22/2019,0
RISARALDA,9/22/2019,0
SANTANDER,9/22/2019,0
SUCRE,9/22/2019,1
TOLIMA,9/22/2019,0
VALLE DEL CAUCA,9/22/2019,0
VAUPES,9/22/2019,0
VICHADA,9/22/2019,0
AMAZONAS,9/29/2019,0
ANTIOQUIA,9/29/2019,2
ARAUCA,9/29/2019,0
ATLANTICO,9/29/2019,0
BOGOTA,9/29/2019,1
BOLIVAR,9/29/2019,0
BOYACA,9/29/2019,0
CALDAS,9/29/2019,0
CAQUETA,9/29/2019,1
CASANARE,9/29/2019,0
CAUCA,9/29/2019,0
CESAR,9/29/2019,0
CHOCO,9/29/2019,0
CORDOBA,9/29/2019,1
CUNDINAMARCA,9/29/2019,0
GUAINIA,9/29/2019,0
GUAVIARE,9/29/2019,0
HUILA,9/29/2019,0
LA GUAJIRA,9/29/2019,1
MAGDALENA,9/29/2019,0
META,9/29/2019,0
NARIÑO,9/29/2019,0
NORTE SANTANDER,9/29/2019,0
PUTUMAYO,9/29/2019,0
RISARALDA,9/29/2019,0
SANTANDER,9/29/2019,0
SUCRE,9/29/2019,0
TOLIMA,9/29/2019,0
VALLE DEL CAUCA,9/29/2019,0
VAUPES,9/29/2019,0
VICHADA,9/29/2019,0
AMAZONAS,10/6/2019,0
ANTIOQUIA,10/6/2019,0
ARAUCA,10/6/2019,0
ATLANTICO,10/6/2019,1
BOGOTA,10/6/2019,0
BOLIVAR,10/6/2019,0
BOYACA,10/6/2019,0
CALDAS,10/6/2019,0
CAQUETA,10/6/2019,0
CASANARE,10/6/2019,0
CAUCA,10/6/2019,0
CESAR,10/6/2019,1
CHOCO,10/6/2019,1
CORDOBA,10/6/2019,0
CUNDINAMARCA,10/6/2019,0
GUAINIA,10/6/2019,0
GUAVIARE,10/6/2019,0
HUILA,10/6/2019,0
LA GUAJIRA,10/6/2019,2
MAGDALENA,10/6/2019,0
META,10/6/2019,0
NARIÑO,10/6/2019,0
NORTE SANTANDER,10/6/2019,1
PUTUMAYO,10/6/2019,0
RISARALDA,10/6/2019,0
SANTANDER,10/6/2019,0
SUCRE,10/6/2019,0
TOLIMA,10/6/2019,0
VALLE DEL CAUCA,10/6/2019,0
VAUPES,10/6/2019,0
VICHADA,10/6/2019,0
AMAZONAS,10/13/2019,0
ANTIOQUIA,10/13/2019,1
ARAUCA,10/13/2019,0
ATLANTICO,10/13/2019,1
BOGOTA,10/13/2019,0
BOLIVAR,10/13/2019,0
BOYACA,10/13/2019,0
CALDAS,10/13/2019,0
CAQUETA,10/13/2019,0
CASANARE,10/13/2019,0
CAUCA,10/13/2019,0
CESAR,10/13/2019,0
CHOCO,10/13/2019,0
CORDOBA,10/13/2019,1
CUNDINAMARCA,10/13/2019,0
GUAINIA,10/13/2019,0
GUAVIARE,10/13/2019,0
HUILA,10/13/2019,0
LA GUAJIRA,10/13/2019,0
MAGDALENA,10/13/2019,0
META,10/13/2019,0
NARIÑO,10/13/2019,1
NORTE SANTANDER,10/13/2019,0
PUTUMAYO,10/13/2019,0
RISARALDA,10/13/2019,0
SANTANDER,10/13/2019,0
SUCRE,10/13/2019,0
TOLIMA,10/13/2019,1
VALLE DEL CAUCA,10/13/2019,0
VAUPES,10/13/2019,0
VICHADA,10/13/2019,0
AMAZONAS,10/20/2019,0
ANTIOQUIA,10/20/2019,0
ARAUCA,10/20/2019,0
ATLANTICO,10/20/2019,0
BOGOTA,10/20/2019,2
BOLIVAR,10/20/2019,0
BOYACA,10/20/2019,0
CALDAS,10/20/2019,0
CAQUETA,10/20/2019,0
CASANARE,10/20/2019,0
CAUCA,10/20/2019,0
CESAR,10/20/2019,0
CHOCO,10/20/2019,0
CORDOBA,10/20/2019,1
CUNDINAMARCA,10/20/2019,0
GUAINIA,10/20/2019,0
GUAVIARE,10/20/2019,0
HUILA,10/20/2019,0
LA GUAJIRA,10/20/2019,1
MAGDALENA,10/20/2019,0
META,10/20/2019,1
NARIÑO,10/20/2019,0
NORTE SANTANDER,10/20/2019,0
PUTUMAYO,10/20/2019,0
RISARALDA,10/20/2019,0
SANTANDER,10/20/2019,0
SUCRE,10/20/2019,0
TOLIMA,10/20/2019,0
VALLE DEL CAUCA,10/20/2019,0
VAUPES,10/20/2019,0
VICHADA,10/20/2019,0
AMAZONAS,10/27/2019,1
ANTIOQUIA,10/27/2019,0
ARAUCA,10/27/2019,0
ATLANTICO,10/27/2019,0
BOGOTA,10/27/2019,1
BOLIVAR,10/27/2019,0
BOYACA,10/27/2019,0
CALDAS,10/27/2019,0
CAQUETA,10/27/2019,0
CASANARE,10/27/2019,1
CAUCA,10/27/2019,0
CESAR,10/27/2019,0
CHOCO,10/27/2019,0
CORDOBA,10/27/2019,0
CUNDINAMARCA,10/27/2019,0
GUAINIA,10/27/2019,0
GUAVIARE,10/27/2019,0
HUILA,10/27/2019,0
LA GUAJIRA,10/27/2019,1
MAGDALENA,10/27/2019,0
META,10/27/2019,0
NARIÑO,10/27/2019,1
NORTE SANTANDER,10/27/2019,0
PUTUMAYO,10/27/2019,0
RISARALDA,10/27/2019,0
SANTANDER,10/27/2019,1
SUCRE,10/27/2019,0
TOLIMA,10/27/2019,0
VALLE DEL CAUCA,10/27/2019,0
VAUPES,10/27/2019,0
VICHADA,10/27/2019,0
AMAZONAS,11/3/2019,1
ANTIOQUIA,11/3/2019,0
ARAUCA,11/3/2019,0
ATLANTICO,11/3/2019,1
BOGOTA,11/3/2019,1
BOLIVAR,11/3/2019,0
BOYACA,11/3/2019,0
CALDAS,11/3/2019,0
CAQUETA,11/3/2019,1
CASANARE,11/3/2019,0
CAUCA,11/3/2019,0
CESAR,11/3/2019,0
CHOCO,11/3/2019,0
CORDOBA,11/3/2019,0
CUNDINAMARCA,11/3/2019,0
GUAINIA,11/3/2019,0
GUAVIARE,11/3/2019,0
HUILA,11/3/2019,0
LA GUAJIRA,11/3/2019,3
MAGDALENA,11/3/2019,1
META,11/3/2019,0
NARIÑO,11/3/2019,0
NORTE SANTANDER,11/3/2019,0
PUTUMAYO,11/3/2019,0
RISARALDA,11/3/2019,0
SANTANDER,11/3/2019,1
SUCRE,11/3/2019,0
TOLIMA,11/3/2019,1
VALLE DEL CAUCA,11/3/2019,1
VAUPES,11/3/2019,0
VICHADA,11/3/2019,0
AMAZONAS,11/10/2019,0
ANTIOQUIA,11/10/2019,0
ARAUCA,11/10/2019,0
ATLANTICO,11/10/2019,2
BOGOTA,11/10/2019,1
BOLIVAR,11/10/2019,0
BOYACA,11/10/2019,0
CALDAS,11/10/2019,0
CAQUETA,11/10/2019,0
CASANARE,11/10/2019,0
CAUCA,11/10/2019,0
CESAR,11/10/2019,0
CHOCO,11/10/2019,0
CORDOBA,11/10/2019,0
CUNDINAMARCA,11/10/2019,0
GUAINIA,11/10/2019,0
GUAVIARE,11/10/2019,0
HUILA,11/10/2019,0
LA GUAJIRA,11/10/2019,1
MAGDALENA,11/10/2019,0
META,11/10/2019,0
NARIÑO,11/10/2019,1
NORTE SANTANDER,11/10/2019,0
PUTUMAYO,11/10/2019,0
RISARALDA,11/10/2019,0
SANTANDER,11/10/2019,0
SUCRE,11/10/2019,0
TOLIMA,11/10/2019,0
VALLE DEL CAUCA,11/10/2019,0
VAUPES,11/10/2019,0
VICHADA,11/10/2019,0
AMAZONAS,11/17/2019,0
ANTIOQUIA,11/17/2019,0
ARAUCA,11/17/2019,0
ATLANTICO,11/17/2019,0
BOGOTA,11/17/2019,1
BOLIVAR,11/17/2019,0
BOYACA,11/17/2019,0
CALDAS,11/17/2019,0
CAQUETA,11/17/2019,0
CASANARE,11/17/2019,0
CAUCA,11/17/2019,0
CESAR,11/17/2019,0
CHOCO,11/17/2019,0
CORDOBA,11/17/2019,0
CUNDINAMARCA,11/17/2019,0
GUAINIA,11/17/2019,0
GUAVIARE,11/17/2019,0
HUILA,11/17/2019,0
LA GUAJIRA,11/17/2019,2
MAGDALENA,11/17/2019,0
META,11/17/2019,0
NARIÑO,11/17/2019,0
NORTE SANTANDER,11/17/2019,1
PUTUMAYO,11/17/2019,0
RISARALDA,11/17/2019,0
SANTANDER,11/17/2019,0
SUCRE,11/17/2019,0
TOLIMA,11/17/2019,0
VALLE DEL CAUCA,11/17/2019,0
VAUPES,11/17/2019,0
VICHADA,11/17/2019,1
AMAZONAS,11/24/2019,0
ANTIOQUIA,11/24/2019,2
ARAUCA,11/24/2019,0
ATLANTICO,11/24/2019,1
BOGOTA,11/24/2019,0
BOLIVAR,11/24/2019,0
BOYACA,11/24/2019,0
CALDAS,11/24/2019,0
CAQUETA,11/24/2019,0
CASANARE,11/24/2019,0
CAUCA,11/24/2019,0
CESAR,11/24/2019,0
CHOCO,11/24/2019,0
CORDOBA,11/24/2019,0
CUNDINAMARCA,11/24/2019,0
GUAINIA,11/24/2019,0
GUAVIARE,11/24/2019,0
HUILA,11/24/2019,0
LA GUAJIRA,11/24/2019,0
MAGDALENA,11/24/2019,0
META,11/24/2019,0
NARIÑO,11/24/2019,0
NORTE SANTANDER,11/24/2019,0
PUTUMAYO,11/24/2019,0
RISARALDA,11/24/2019,0
SANTANDER,11/24/2019,0
SUCRE,11/24/2019,0
TOLIMA,11/24/2019,1
VALLE DEL CAUCA,11/24/2019,0
VAUPES,11/24/2019,0
VICHADA,11/24/2019,0
AMAZONAS,12/1/2019,0
ANTIOQUIA,12/1/2019,1
ARAUCA,12/1/2019,0
ATLANTICO,12/1/2019,0
BOGOTA,12/1/2019,0
BOLIVAR,12/1/2019,1
BOYACA,12/1/2019,0
CALDAS,12/1/2019,0
CAQUETA,12/1/2019,0
CASANARE,12/1/2019,0
CAUCA,12/1/2019,1
CESAR,12/1/2019,1
CHOCO,12/1/2019,0
CORDOBA,12/1/2019,1
CUNDINAMARCA,12/1/2019,0
GUAINIA,12/1/2019,0
GUAVIARE,12/1/2019,0
HUILA,12/1/2019,1
LA GUAJIRA,12/1/2019,0
MAGDALENA,12/1/2019,0
META,12/1/2019,0
NARIÑO,12/1/2019,0
NORTE SANTANDER,12/1/2019,1
PUTUMAYO,12/1/2019,0
RISARALDA,12/1/2019,0
SANTANDER,12/1/2019,1
SUCRE,12/1/2019,0
TOLIMA,12/1/2019,0
VALLE DEL CAUCA,12/1/2019,0
VAUPES,12/1/2019,0
VICHADA,12/1/2019,0
AMAZONAS,12/8/2019,0
ANTIOQUIA,12/8/2019,0
ARAUCA,12/8/2019,0
ATLANTICO,12/8/2019,0
BOGOTA,12/8/2019,0
BOLIVAR,12/8/2019,0
BOYACA,12/8/2019,0
CALDAS,12/8/2019,0
CAQUETA,12/8/2019,0
CASANARE,12/8/2019,0
CAUCA,12/8/2019,0
CESAR,12/8/2019,0
CHOCO,12/8/2019,1
CORDOBA,12/8/2019,0
CUNDINAMARCA,12/8/2019,0
GUAINIA,12/8/2019,0
GUAVIARE,12/8/2019,0
HUILA,12/8/2019,0
LA GUAJIRA,12/8/2019,1
MAGDALENA,12/8/2019,1
META,12/8/2019,0
NARIÑO,12/8/2019,0
NORTE SANTANDER,12/8/2019,0
PUTUMAYO,12/8/2019,0
RISARALDA,12/8/2019,0
SANTANDER,12/8/2019,0
SUCRE,12/8/2019,0
TOLIMA,12/8/2019,0
VALLE DEL CAUCA,12/8/2019,1
VAUPES,12/8/2019,0
VICHADA,12/8/2019,0
AMAZONAS,12/15/2019,0
ANTIOQUIA,12/15/2019,0
ARAUCA,12/15/2019,0
ATLANTICO,12/15/2019,1
BOGOTA,12/15/2019,0
BOLIVAR,12/15/2019,4
BOYACA,12/15/2019,0
CALDAS,12/15/2019,0
CAQUETA,12/15/2019,0
CASANARE,12/15/2019,0
CAUCA,12/15/2019,0
CESAR,12/15/2019,0
CHOCO,12/15/2019,0
CORDOBA,12/15/2019,0
CUNDINAMARCA,12/15/2019,1
GUAINIA,12/15/2019,0
GUAVIARE,12/15/2019,0
HUILA,12/15/2019,0
LA GUAJIRA,12/15/2019,0
MAGDALENA,12/15/2019,0
META,12/15/2019,0
NARIÑO,12/15/2019,1
NORTE SANTANDER,12/15/2019,0
PUTUMAYO,12/15/2019,0
RISARALDA,12/15/2019,0
SANTANDER,12/15/2019,0
SUCRE,12/15/2019,1
TOLIMA,12/15/2019,0
VALLE DEL CAUCA,12/15/2019,0
VAUPES,12/15/2019,0
VICHADA,12/15/2019,0
AMAZONAS,12/22/2019,0
ANTIOQUIA,12/22/2019,0
ARAUCA,12/22/2019,0
ATLANTICO,12/22/2019,0
BOGOTA,12/22/2019,0
BOLIVAR,12/22/2019,0
BOYACA,12/22/2019,0
CALDAS,12/22/2019,0
CAQUETA,12/22/2019,0
CASANARE,12/22/2019,0
CAUCA,12/22/2019,0
CESAR,12/22/2019,0
CHOCO,12/22/2019,1
CORDOBA,12/22/2019,0
CUNDINAMARCA,12/22/2019,0
GUAINIA,12/22/2019,1
GUAVIARE,12/22/2019,0
HUILA,12/22/2019,0
LA GUAJIRA,12/22/2019,0
MAGDALENA,12/22/2019,1
META,12/22/2019,0
NARIÑO,12/22/2019,0
NORTE SANTANDER,12/22/2019,0
PUTUMAYO,12/22/2019,1
RISARALDA,12/22/2019,0
SANTANDER,12/22/2019,0
SUCRE,12/22/2019,0
TOLIMA,12/22/2019,0
VALLE DEL CAUCA,12/22/2019,0
VAUPES,12/22/2019,0
VICHADA,12/22/2019,0
AMAZONAS,12/29/2019,0
ANTIOQUIA,12/29/2019,0
ATLANTICO,12/29/2019,0
BOGOTA,12/29/2019,0
BOLIVAR,12/29/2019,0
BOYACA,12/29/2019,0
CALDAS,12/29/2019,0
CAQUETA,12/29/2019,0
CASANARE,12/29/2019,0
CAUCA,12/29/2019,1
CESAR,12/29/2019,0
CHOCO,12/29/2019,1
CORDOBA,12/29/2019,0
CUNDINAMARCA,12/29/2019,1
LA GUAJIRA,12/29/2019,0
MAGDALENA,12/29/2019,2
META,12/29/2019,0
NARIÑO,12/29/2019,1
NORTE SANTANDER,12/29/2019,0
VALLE DEL CAUCA,12/29/2019,1
AMAZONAS,1/5/2020,1
ANTIOQUIA,1/5/2020,0
ATLANTICO,1/5/2020,1
BOGOTA,1/5/2020,0
BOLIVAR,1/5/2020,0
BOYACA,1/5/2020,0
CALDAS,1/5/2020,0
CAQUETA,1/5/2020,0
CASANARE,1/5/2020,0
CAUCA,1/5/2020,0
CESAR,1/5/2020,0
CHOCO,1/5/2020,0
CORDOBA,1/5/2020,1
CUNDINAMARCA,1/5/2020,0
LA GUAJIRA,1/5/2020,2
MAGDALENA,1/5/2020,0
META,1/5/2020,1
NARIÑO,1/5/2020,0
NORTE SANTANDER,1/5/2020,0
VALLE DEL CAUCA,1/5/2020,0
AMAZONAS,1/12/2020,0
ANTIOQUIA,1/12/2020,0
ATLANTICO,1/12/2020,0
BOGOTA,1/12/2020,1
BOLIVAR,1/12/2020,0
BOYACA,1/12/2020,0
CALDAS,1/12/2020,0
CAQUETA,1/12/2020,0
CASANARE,1/12/2020,1
CAUCA,1/12/2020,1
CESAR,1/12/2020,1
CHOCO,1/12/2020,0
CORDOBA,1/12/2020,0
CUNDINAMARCA,1/12/2020,1
LA GUAJIRA,1/12/2020,0
MAGDALENA,1/12/2020,0
META,1/12/2020,0
NARIÑO,1/12/2020,0
NORTE SANTANDER,1/12/2020,0
VALLE DEL CAUCA,1/12/2020,0
AMAZONAS,1/19/2020,0
ANTIOQUIA,1/19/2020,0
ATLANTICO,1/19/2020,1
BOGOTA,1/19/2020,0
BOLIVAR,1/19/2020,0
BOYACA,1/19/2020,0
CALDAS,1/19/2020,1
CAQUETA,1/19/2020,0
CASANARE,1/19/2020,0
CAUCA,1/19/2020,0
CESAR,1/19/2020,0
CHOCO,1/19/2020,0
CORDOBA,1/19/2020,0
CUNDINAMARCA,1/19/2020,1
LA GUAJIRA,1/19/2020,1
MAGDALENA,1/19/2020,1
META,1/19/2020,0
NARIÑO,1/19/2020,1
NORTE SANTANDER,1/19/2020,0
VALLE DEL CAUCA,1/19/2020,0
AMAZONAS,1/26/2020,0
ANTIOQUIA,1/26/2020,1
ATLANTICO,1/26/2020,0
BOGOTA,1/26/2020,0
BOLIVAR,1/26/2020,1
BOYACA,1/26/2020,0
CALDAS,1/26/2020,1
CAQUETA,1/26/2020,0
CASANARE,1/26/2020,0
CAUCA,1/26/2020,0
CESAR,1/26/2020,0
CHOCO,1/26/2020,0
CORDOBA,1/26/2020,0
CUNDINAMARCA,1/26/2020,0
LA GUAJIRA,1/26/2020,0
MAGDALENA,1/26/2020,0
META,1/26/2020,0
NARIÑO,1/26/2020,0
NORTE SANTANDER,1/26/2020,0
VALLE DEL CAUCA,1/26/2020,1
AMAZONAS,2/2/2020,0
ANTIOQUIA,2/2/2020,0
ATLANTICO,2/2/2020,0
BOGOTA,2/2/2020,1
BOLIVAR,2/2/2020,1
BOYACA,2/2/2020,1
CALDAS,2/2/2020,1
CAQUETA,2/2/2020,0
CASANARE,2/2/2020,0
CAUCA,2/2/2020,0
CESAR,2/2/2020,1
CHOCO,2/2/2020,0
CORDOBA,2/2/2020,0
CUNDINAMARCA,2/2/2020,0
LA GUAJIRA,2/2/2020,0
MAGDALENA,2/2/2020,0
META,2/2/2020,0
NARIÑO,2/2/2020,1
NORTE SANTANDER,2/2/2020,0
VALLE DEL CAUCA,2/2/2020,1
AMAZONAS,2/9/2020,0
ANTIOQUIA,2/9/2020,0
ATLANTICO,2/9/2020,0
BOGOTA,2/9/2020,0
BOLIVAR,2/9/2020,0
BOYACA,2/9/2020,0
CALDAS,2/9/2020,0
CAQUETA,2/9/2020,0
CASANARE,2/9/2020,0
CAUCA,2/9/2020,0
CESAR,2/9/2020,0
CHOCO,2/9/2020,2
CORDOBA,2/9/2020,0
CUNDINAMARCA,2/9/2020,0
LA GUAJIRA,2/9/2020,1
MAGDALENA,2/9/2020,0
META,2/9/2020,0
NARIÑO,2/9/2020,0
NORTE SANTANDER,2/9/2020,0
VALLE DEL CAUCA,2/9/2020,0
AMAZONAS,2/16/2020,0
ANTIOQUIA,2/16/2020,1
ATLANTICO,2/16/2020,0
BOGOTA,2/16/2020,1
BOLIVAR,2/16/2020,0
BOYACA,2/16/2020,0
CALDAS,2/16/2020,0
CAQUETA,2/16/2020,1
CASANARE,2/16/2020,1
CAUCA,2/16/2020,0
CESAR,2/16/2020,0
CHOCO,2/16/2020,0
CORDOBA,2/16/2020,0
CUNDINAMARCA,2/16/2020,0
LA GUAJIRA,2/16/2020,0
MAGDALENA,2/16/2020,0
META,2/16/2020,1
NARIÑO,2/16/2020,1
NORTE SANTANDER,2/16/2020,1
VALLE DEL CAUCA,2/16/2020,0
